,q,inc,omega1,omega2,T1,T2,P,Type,Spot,Ref,name,filter,curve,t1_t2,primary__equivalent_radius,secondary__equivalent_radius
0,0.484,76.3,4.2,2.85,8360.0,5057.0,1.146065,detached,N,https://iopscience.iop.org/article/10.3847/0004-6256/152/2/33,ATPeg,V,"[0.4986, 0.4955, 0.4943, 0.4956, 0.4995, 0.5056, 0.5134, 0.5224, 0.5324, 0.543, 0.5547, 0.5674, 0.5816, 0.5974, 0.6148, 0.6333, 0.6524, 0.6716, 0.6902, 0.708, 0.7249, 0.7415, 0.7578, 0.7744, 0.7914, 0.8087, 0.8259, 0.8427, 0.8588, 0.8739, 0.8876, 0.8999, 0.9108, 0.92, 0.9275, 0.9333, 0.9378, 0.9413, 0.9443, 0.9469, 0.9495, 0.9521, 0.9544, 0.9565, 0.9582, 0.9595, 0.9605, 0.9613, 0.9621, 0.9628, 0.9637, 0.9647, 0.9658, 0.9669, 0.968, 0.969, 0.9698, 0.9706, 0.9713, 0.972, 0.9727, 0.9735, 0.9743, 0.9752, 0.976, 0.9769, 0.9778, 0.9787, 0.9796, 0.9804, 0.9813, 0.9821, 0.9829, 0.9836, 0.9844, 0.9851, 0.9859, 0.9867, 0.9875, 0.9883, 0.989, 0.9898, 0.9905, 0.9912, 0.9919, 0.9926, 0.9933, 0.9939, 0.9945, 0.9951, 0.9956, 0.9961, 0.9966, 0.9971, 0.9976, 0.998, 0.9983, 0.9985, 0.9988, 0.9989, 0.9991, 0.9992, 0.9994, 0.9995, 0.9997, 0.9998, 0.9999, 1.0, 1.0, 1.0, 1.0, 0.9999, 0.9999, 0.9999, 0.9998, 0.9998, 0.9997, 0.9996, 0.9994, 0.9993, 0.9991, 0.9988, 0.9986, 0.9984, 0.9981, 0.9978, 0.9975, 0.9971, 0.9966, 0.996, 0.9954, 0.9948, 0.9942, 0.9936, 0.993, 0.9924, 0.9918, 0.9912, 0.9905, 0.9899, 0.9892, 0.9886, 0.9879, 0.9872, 0.9866, 0.9859, 0.9852, 0.9845, 0.9837, 0.9829, 0.982, 0.9811, 0.9802, 0.9793, 0.9784, 0.9775, 0.9767, 0.9758, 0.9749, 0.9741, 0.9732, 0.9723, 0.9714, 0.9706, 0.9697, 0.9688, 0.9678, 0.9666, 0.9654, 0.9638, 0.9621, 0.9602, 0.9581, 0.956, 0.9539, 0.9519, 0.9499, 0.9479, 0.9458, 0.9436, 0.9413, 0.9387, 0.9361, 0.9334, 0.9306, 0.9279, 0.9252, 0.9226, 0.9201, 0.9179, 0.916, 0.9142, 0.9127, 0.9112, 0.9098, 0.9083, 0.9067, 0.9052, 0.9038, 0.9029, 0.9024, 0.9026, 0.9033, 0.9043, 0.9055, 0.9066, 0.9075, 0.9083, 0.9091, 0.91, 0.9112, 0.9129, 0.915, 0.9175, 0.9202, 0.9229, 0.9255, 0.9281, 0.9306, 0.9329, 0.9353, 0.9376, 0.9399, 0.9422, 0.9445, 0.9468, 0.9492, 0.9517, 0.9541, 0.9565, 0.9587, 0.9606, 0.9622, 0.9635, 0.9647, 0.9658, 0.9668, 0.968, 0.9692, 0.9705, 0.9718, 0.973, 0.974, 0.9749, 0.9757, 0.9764, 0.9771, 0.9778, 0.9785, 0.9793, 0.9801, 0.9809, 0.9817, 0.9825, 0.9833, 0.984, 0.9848, 0.9856, 0.9864, 0.9872, 0.988, 0.9888, 0.9895, 0.9902, 0.9908, 0.9913, 0.9919, 0.9924, 0.993, 0.9935, 0.9941, 0.9947, 0.9953, 0.9957, 0.9962, 0.9966, 0.997, 0.9973, 0.9977, 0.9982, 0.9986, 0.9991, 0.9994, 0.9997, 0.9999, 1.0, 1.0, 1.0, 0.9999, 0.9999, 0.9999, 0.9999, 1.0, 0.9999, 0.9999, 0.9998, 0.9997, 0.9996, 0.9995, 0.9994, 0.9994, 0.9994, 0.9993, 0.9992, 0.999, 0.9986, 0.9982, 0.9978, 0.9973, 0.9968, 0.9963, 0.9959, 0.9954, 0.9949, 0.9944, 0.9939, 0.9933, 0.9926, 0.9919, 0.9913, 0.9906, 0.9899, 0.9893, 0.9886, 0.9879, 0.9872, 0.9864, 0.9855, 0.9847, 0.9838, 0.9829, 0.982, 0.9811, 0.9802, 0.9794, 0.9785, 0.9777, 0.9769, 0.9761, 0.9754, 0.9747, 0.9739, 0.9732, 0.9725, 0.9717, 0.9709, 0.9701, 0.9693, 0.9684, 0.9676, 0.9667, 0.9659, 0.9651, 0.9643, 0.9635, 0.9626, 0.9615, 0.9603, 0.9589, 0.9574, 0.9558, 0.9542, 0.9525, 0.9506, 0.9482, 0.945, 0.9408, 0.9352, 0.9283, 0.9198, 0.91, 0.8988, 0.8861, 0.8722, 0.8571, 0.8412, 0.8246, 0.8077, 0.7905, 0.7732, 0.7559, 0.7386, 0.7216, 0.7048, 0.6881, 0.6714, 0.6543, 0.6369, 0.6189, 0.6009, 0.5834, 0.5672, 0.553, 0.5413, 0.5322, 0.525, 0.5191, 0.514, 0.509, 0.5041]",1.6531540438995451,0.27175034322452984,0.31667643949554114
1,0.484,76.3,4.2,2.85,8360.0,5057.0,1.146065,detached,N,https://iopscience.iop.org/article/10.3847/0004-6256/152/2/33,ATPeg,I,"[0.472, 0.4675, 0.4655, 0.4667, 0.4711, 0.4781, 0.4872, 0.498, 0.5098, 0.5225, 0.5361, 0.5508, 0.5666, 0.5837, 0.6021, 0.6213, 0.6409, 0.6605, 0.6796, 0.6979, 0.7157, 0.7332, 0.7508, 0.7689, 0.7877, 0.8069, 0.826, 0.8445, 0.8618, 0.8773, 0.8911, 0.9031, 0.9137, 0.9229, 0.931, 0.9381, 0.9443, 0.9495, 0.9539, 0.9576, 0.9605, 0.9628, 0.9646, 0.966, 0.9671, 0.968, 0.9688, 0.9695, 0.9701, 0.9708, 0.9715, 0.9723, 0.9731, 0.9738, 0.9746, 0.9753, 0.9759, 0.9765, 0.9772, 0.9778, 0.9785, 0.9792, 0.9799, 0.9807, 0.9814, 0.9822, 0.9829, 0.9836, 0.9843, 0.9851, 0.9859, 0.9867, 0.9875, 0.9884, 0.9892, 0.9899, 0.9906, 0.9912, 0.9917, 0.9923, 0.9928, 0.9934, 0.994, 0.9946, 0.9951, 0.9957, 0.9961, 0.9965, 0.9967, 0.997, 0.9973, 0.9975, 0.9978, 0.9982, 0.9985, 0.9988, 0.999, 0.9992, 0.9993, 0.9993, 0.9994, 0.9995, 0.9996, 0.9997, 0.9998, 0.9999, 1.0, 1.0, 0.9999, 0.9998, 0.9997, 0.9996, 0.9995, 0.9994, 0.9994, 0.9993, 0.9992, 0.999, 0.9987, 0.9983, 0.9979, 0.9975, 0.9971, 0.9967, 0.9964, 0.996, 0.9956, 0.9952, 0.9947, 0.9941, 0.9936, 0.993, 0.9924, 0.9918, 0.9912, 0.9906, 0.99, 0.9894, 0.9888, 0.9882, 0.9875, 0.9869, 0.9862, 0.9855, 0.9849, 0.9843, 0.9836, 0.983, 0.9823, 0.9815, 0.9808, 0.98, 0.9792, 0.9784, 0.9777, 0.9769, 0.9762, 0.9754, 0.9746, 0.9737, 0.9729, 0.972, 0.9711, 0.9702, 0.9694, 0.9686, 0.9678, 0.9669, 0.966, 0.965, 0.9638, 0.9625, 0.9612, 0.9598, 0.9585, 0.9571, 0.9557, 0.9544, 0.953, 0.9516, 0.9502, 0.9488, 0.9473, 0.9458, 0.9443, 0.9427, 0.9411, 0.9395, 0.938, 0.9366, 0.9354, 0.9343, 0.9334, 0.9325, 0.9316, 0.9307, 0.9297, 0.9287, 0.9279, 0.9272, 0.9268, 0.9268, 0.9271, 0.9276, 0.9282, 0.9289, 0.9296, 0.9302, 0.931, 0.9318, 0.9327, 0.9337, 0.9349, 0.9363, 0.9377, 0.9391, 0.9406, 0.9421, 0.9437, 0.9452, 0.9467, 0.9481, 0.9496, 0.9511, 0.9526, 0.954, 0.9555, 0.9571, 0.9586, 0.9601, 0.9615, 0.9629, 0.9641, 0.9653, 0.9663, 0.9673, 0.9683, 0.9692, 0.9701, 0.971, 0.9719, 0.9727, 0.9735, 0.9743, 0.975, 0.9758, 0.9765, 0.9771, 0.9778, 0.9785, 0.9791, 0.9798, 0.9804, 0.9811, 0.9817, 0.9824, 0.9831, 0.9838, 0.9845, 0.9852, 0.9859, 0.9865, 0.9872, 0.9879, 0.9885, 0.9891, 0.9897, 0.9903, 0.991, 0.9916, 0.9922, 0.9928, 0.9933, 0.9939, 0.9944, 0.9948, 0.9953, 0.9957, 0.9961, 0.9965, 0.9969, 0.9973, 0.9977, 0.998, 0.9983, 0.9986, 0.9988, 0.999, 0.9992, 0.9994, 0.9995, 0.9996, 0.9997, 0.9997, 0.9998, 0.9998, 0.9998, 0.9998, 0.9998, 0.9997, 0.9997, 0.9996, 0.9995, 0.9994, 0.9992, 0.999, 0.9988, 0.9986, 0.9983, 0.998, 0.9977, 0.9973, 0.997, 0.9966, 0.9962, 0.9957, 0.9953, 0.9948, 0.9943, 0.9938, 0.9933, 0.9928, 0.9922, 0.9916, 0.991, 0.9904, 0.9897, 0.9891, 0.9885, 0.9878, 0.9872, 0.9865, 0.9859, 0.9852, 0.9845, 0.9838, 0.9831, 0.9824, 0.9816, 0.9809, 0.9802, 0.9794, 0.9786, 0.9779, 0.9771, 0.9763, 0.9755, 0.9747, 0.9739, 0.9732, 0.9725, 0.9719, 0.9714, 0.9709, 0.9703, 0.9695, 0.9686, 0.9674, 0.9661, 0.9647, 0.9634, 0.9622, 0.9612, 0.9602, 0.9587, 0.9562, 0.9523, 0.9466, 0.9389, 0.9296, 0.9189, 0.9069, 0.8938, 0.88, 0.8653, 0.8499, 0.8337, 0.8169, 0.7994, 0.7814, 0.7627, 0.7435, 0.7237, 0.7034, 0.6827, 0.6621, 0.6416, 0.6215, 0.6022, 0.5837, 0.5665, 0.5508, 0.5368, 0.525, 0.515, 0.5066, 0.4992, 0.4925, 0.4861, 0.4798]",1.6531540438995451,0.27175034322452984,0.31667643949554114
2,0.484,76.3,4.2,2.85,8360.0,5057.0,1.146065,detached,N,https://iopscience.iop.org/article/10.3847/0004-6256/152/2/33,ATPeg,R,"[0.5416, 0.5392, 0.5384, 0.5393, 0.5421, 0.5465, 0.5524, 0.5595, 0.5677, 0.5769, 0.5871, 0.5985, 0.6111, 0.625, 0.6402, 0.6563, 0.6727, 0.6892, 0.7051, 0.7203, 0.7348, 0.7489, 0.763, 0.7774, 0.7923, 0.8075, 0.8227, 0.8376, 0.8518, 0.8649, 0.8768, 0.8876, 0.8972, 0.9056, 0.9128, 0.9189, 0.9241, 0.9284, 0.9321, 0.9353, 0.938, 0.9404, 0.9424, 0.9442, 0.9456, 0.9467, 0.9476, 0.9484, 0.9492, 0.9499, 0.9507, 0.9516, 0.9525, 0.9535, 0.9545, 0.9556, 0.9567, 0.9578, 0.9589, 0.9601, 0.9612, 0.9623, 0.9634, 0.9645, 0.9656, 0.9668, 0.968, 0.9692, 0.9703, 0.9715, 0.9726, 0.9736, 0.9745, 0.9754, 0.9763, 0.9772, 0.9782, 0.9792, 0.9802, 0.9813, 0.9823, 0.9834, 0.9845, 0.9856, 0.9866, 0.9875, 0.9884, 0.9892, 0.9899, 0.9907, 0.9914, 0.9921, 0.9928, 0.9935, 0.9942, 0.9949, 0.9954, 0.9958, 0.9962, 0.9964, 0.9966, 0.9969, 0.9971, 0.9974, 0.9977, 0.9979, 0.9982, 0.9984, 0.9985, 0.9986, 0.9986, 0.9987, 0.9988, 0.9989, 0.999, 0.999, 0.999, 0.9989, 0.9987, 0.9985, 0.9981, 0.9978, 0.9975, 0.9972, 0.997, 0.9967, 0.9964, 0.996, 0.9955, 0.9949, 0.9942, 0.9934, 0.9927, 0.992, 0.9913, 0.9906, 0.99, 0.9893, 0.9886, 0.9878, 0.9871, 0.9863, 0.9855, 0.9847, 0.984, 0.9832, 0.9824, 0.9817, 0.9808, 0.9799, 0.979, 0.9781, 0.9772, 0.9763, 0.9755, 0.9748, 0.9739, 0.973, 0.972, 0.9708, 0.9694, 0.9678, 0.9663, 0.9648, 0.9634, 0.9622, 0.9609, 0.9595, 0.9578, 0.9557, 0.9531, 0.9502, 0.947, 0.9436, 0.9403, 0.9372, 0.934, 0.9308, 0.9274, 0.9237, 0.9196, 0.9152, 0.9107, 0.9061, 0.9016, 0.8975, 0.8936, 0.8899, 0.8865, 0.8832, 0.8801, 0.8771, 0.8743, 0.8716, 0.869, 0.8667, 0.8645, 0.8626, 0.861, 0.8599, 0.8592, 0.8591, 0.8595, 0.8603, 0.8614, 0.8628, 0.8644, 0.8662, 0.8683, 0.8706, 0.8733, 0.8762, 0.8795, 0.883, 0.8866, 0.8904, 0.8942, 0.898, 0.9018, 0.9055, 0.9093, 0.9131, 0.9169, 0.9207, 0.9244, 0.9282, 0.9319, 0.9356, 0.9393, 0.9428, 0.9462, 0.9493, 0.9522, 0.9548, 0.9571, 0.9592, 0.9611, 0.9628, 0.9642, 0.9655, 0.9667, 0.9679, 0.969, 0.9701, 0.9713, 0.9724, 0.9734, 0.9744, 0.9754, 0.9763, 0.9771, 0.9779, 0.9788, 0.9796, 0.9804, 0.9812, 0.9821, 0.9829, 0.9837, 0.9844, 0.9852, 0.986, 0.9867, 0.9875, 0.9882, 0.9889, 0.9896, 0.9903, 0.991, 0.9917, 0.9923, 0.993, 0.9936, 0.9942, 0.9948, 0.9954, 0.9959, 0.9965, 0.997, 0.9974, 0.9978, 0.9982, 0.9986, 0.9989, 0.9992, 0.9995, 0.9997, 0.9999, 1.0, 1.0, 1.0, 0.9999, 0.9997, 0.9996, 0.9994, 0.9993, 0.9991, 0.9989, 0.9987, 0.9984, 0.9981, 0.9977, 0.9973, 0.9969, 0.9965, 0.9961, 0.9956, 0.9951, 0.9946, 0.9939, 0.9932, 0.9924, 0.9915, 0.9906, 0.9897, 0.9888, 0.9879, 0.987, 0.9861, 0.9852, 0.9843, 0.9833, 0.9824, 0.9814, 0.9804, 0.9794, 0.9785, 0.9775, 0.9766, 0.9756, 0.9747, 0.9738, 0.9728, 0.9719, 0.971, 0.9701, 0.9691, 0.9682, 0.9672, 0.9662, 0.9652, 0.9641, 0.963, 0.9619, 0.9607, 0.9595, 0.9583, 0.9571, 0.956, 0.9548, 0.9537, 0.9527, 0.9517, 0.9507, 0.9497, 0.9486, 0.9474, 0.946, 0.9446, 0.9431, 0.9417, 0.9404, 0.9393, 0.9381, 0.9363, 0.9335, 0.9293, 0.9233, 0.9155, 0.9063, 0.896, 0.8851, 0.8739, 0.8626, 0.851, 0.8391, 0.8266, 0.8135, 0.7996, 0.7851, 0.77, 0.7545, 0.7386, 0.7226, 0.7063, 0.6901, 0.6738, 0.6577, 0.6417, 0.6263, 0.6119, 0.5987, 0.5872, 0.5777, 0.5701, 0.5641, 0.559, 0.5545, 0.5501, 0.5458]",1.6531540438995451,0.27175034322452984,0.31667643949554114
3,0.484,76.3,4.2,2.85,8360.0,5057.0,1.146065,detached,N,https://iopscience.iop.org/article/10.3847/0004-6256/152/2/33,ATPeg,B,"[0.5167, 0.5152, 0.5154, 0.5174, 0.521, 0.5263, 0.533, 0.5409, 0.55, 0.56, 0.5711, 0.5831, 0.5962, 0.6103, 0.6253, 0.6411, 0.6575, 0.6741, 0.6907, 0.7073, 0.7237, 0.7401, 0.7565, 0.7731, 0.7898, 0.8064, 0.8228, 0.8387, 0.8537, 0.8676, 0.8803, 0.8919, 0.9022, 0.9114, 0.9193, 0.9261, 0.9319, 0.9367, 0.9407, 0.9439, 0.9465, 0.9485, 0.9501, 0.9513, 0.9524, 0.9533, 0.9541, 0.9549, 0.9556, 0.9564, 0.9572, 0.958, 0.9589, 0.9599, 0.9608, 0.9617, 0.9627, 0.9636, 0.9646, 0.9656, 0.9665, 0.9675, 0.9685, 0.9694, 0.9704, 0.9714, 0.9724, 0.9734, 0.9744, 0.9753, 0.9762, 0.977, 0.9777, 0.9785, 0.9793, 0.9801, 0.981, 0.9819, 0.9829, 0.9839, 0.9848, 0.9857, 0.9865, 0.9872, 0.9879, 0.9885, 0.9892, 0.9898, 0.9905, 0.9911, 0.9918, 0.9926, 0.9933, 0.994, 0.9947, 0.9954, 0.9959, 0.9964, 0.9968, 0.9971, 0.9975, 0.9979, 0.9983, 0.9987, 0.9992, 0.9996, 0.9999, 1.0, 1.0, 0.9999, 0.9997, 0.9995, 0.9994, 0.9993, 0.9993, 0.9992, 0.9991, 0.9989, 0.9987, 0.9983, 0.9979, 0.9975, 0.9971, 0.9967, 0.9963, 0.996, 0.9956, 0.9952, 0.9947, 0.9941, 0.9936, 0.993, 0.9924, 0.9918, 0.9912, 0.9907, 0.9901, 0.9895, 0.9889, 0.9882, 0.9874, 0.9867, 0.9859, 0.9852, 0.9845, 0.9837, 0.983, 0.9822, 0.9815, 0.9806, 0.9798, 0.9789, 0.978, 0.9772, 0.9764, 0.9756, 0.9748, 0.9739, 0.973, 0.9718, 0.9706, 0.9693, 0.9679, 0.9666, 0.9654, 0.9642, 0.9631, 0.9618, 0.9603, 0.9585, 0.9563, 0.9539, 0.9513, 0.9485, 0.9458, 0.9431, 0.9405, 0.9378, 0.9351, 0.9323, 0.9292, 0.9261, 0.9229, 0.9196, 0.9163, 0.9132, 0.9101, 0.9071, 0.9042, 0.9014, 0.8986, 0.8959, 0.8934, 0.891, 0.8888, 0.8868, 0.8852, 0.8839, 0.8829, 0.8822, 0.8819, 0.8819, 0.8822, 0.8828, 0.8836, 0.8847, 0.8858, 0.8871, 0.8886, 0.8904, 0.8924, 0.8947, 0.8973, 0.9001, 0.9031, 0.9061, 0.9092, 0.9122, 0.9153, 0.9184, 0.9215, 0.9249, 0.9283, 0.9318, 0.9352, 0.9384, 0.9414, 0.944, 0.9464, 0.9486, 0.9507, 0.9529, 0.9552, 0.9577, 0.96, 0.9623, 0.9642, 0.9658, 0.9671, 0.968, 0.9688, 0.9695, 0.9703, 0.9711, 0.972, 0.9729, 0.9738, 0.9747, 0.9756, 0.9764, 0.9773, 0.9781, 0.979, 0.9799, 0.9808, 0.9817, 0.9825, 0.9834, 0.9842, 0.9849, 0.9857, 0.9864, 0.9871, 0.9879, 0.9887, 0.9895, 0.9902, 0.9909, 0.9916, 0.9921, 0.9927, 0.9932, 0.9936, 0.9941, 0.9946, 0.9952, 0.9957, 0.9961, 0.9965, 0.9969, 0.9972, 0.9975, 0.9978, 0.9981, 0.9985, 0.9988, 0.9992, 0.9995, 0.9997, 0.9997, 0.9997, 0.9996, 0.9994, 0.9992, 0.999, 0.9989, 0.9987, 0.9985, 0.9983, 0.998, 0.9977, 0.9973, 0.9968, 0.9964, 0.9959, 0.9954, 0.995, 0.9946, 0.9941, 0.9936, 0.993, 0.9924, 0.9918, 0.9911, 0.9905, 0.9898, 0.9892, 0.9885, 0.9878, 0.9871, 0.9864, 0.9856, 0.9848, 0.984, 0.9831, 0.9822, 0.9814, 0.9805, 0.9797, 0.9788, 0.9779, 0.977, 0.9761, 0.9752, 0.9742, 0.9733, 0.9724, 0.9715, 0.9705, 0.9696, 0.9687, 0.9677, 0.9668, 0.9659, 0.965, 0.9642, 0.9634, 0.9626, 0.9617, 0.9609, 0.96, 0.9589, 0.9578, 0.9566, 0.9554, 0.9543, 0.9533, 0.9524, 0.9515, 0.9505, 0.9491, 0.9472, 0.9446, 0.9414, 0.9375, 0.9331, 0.9282, 0.9228, 0.9169, 0.9102, 0.9024, 0.8934, 0.883, 0.871, 0.8577, 0.8433, 0.828, 0.812, 0.7955, 0.7787, 0.7617, 0.7447, 0.7279, 0.7113, 0.6951, 0.6791, 0.6633, 0.6477, 0.6321, 0.617, 0.6023, 0.5885, 0.5757, 0.5643, 0.5542, 0.5453, 0.5376, 0.5309, 0.5251, 0.5202]",1.6531540438995451,0.27175034322452984,0.31667643949554114
4,0.366,88.7,2.859,2.608,5940.0,3450.0,0.56899,detached,Y,https://academic.oup.com/pasj/article/70/4/72/5036216,BUVul,V,"[0.4113, 0.4087, 0.4076, 0.4083, 0.4108, 0.415, 0.4209, 0.4282, 0.4368, 0.4466, 0.4575, 0.4696, 0.4827, 0.4969, 0.5119, 0.5275, 0.5431, 0.5584, 0.573, 0.5867, 0.5997, 0.6127, 0.6261, 0.6404, 0.656, 0.6727, 0.6897, 0.7063, 0.722, 0.7359, 0.7481, 0.759, 0.7689, 0.7782, 0.7874, 0.7966, 0.8056, 0.8142, 0.8224, 0.8299, 0.8366, 0.8427, 0.8482, 0.8533, 0.858, 0.8625, 0.8667, 0.8706, 0.8741, 0.8773, 0.8801, 0.8826, 0.8848, 0.8868, 0.8888, 0.8908, 0.8928, 0.8948, 0.8969, 0.8989, 0.9008, 0.9027, 0.9046, 0.9063, 0.9079, 0.9094, 0.9108, 0.9121, 0.9134, 0.9147, 0.9161, 0.9177, 0.9193, 0.921, 0.9228, 0.9245, 0.9261, 0.9277, 0.9293, 0.9308, 0.9323, 0.9338, 0.9353, 0.9367, 0.938, 0.9391, 0.9401, 0.9408, 0.9414, 0.9421, 0.9429, 0.9439, 0.9451, 0.9466, 0.9482, 0.9498, 0.9514, 0.9529, 0.9542, 0.9554, 0.9563, 0.9568, 0.9571, 0.9571, 0.957, 0.957, 0.9572, 0.9577, 0.9585, 0.9596, 0.9607, 0.9617, 0.9625, 0.9631, 0.9635, 0.9638, 0.9641, 0.9645, 0.9649, 0.9653, 0.9656, 0.9656, 0.9653, 0.9646, 0.9636, 0.9625, 0.9616, 0.961, 0.961, 0.9613, 0.9619, 0.9624, 0.9626, 0.9624, 0.9618, 0.9608, 0.9597, 0.9586, 0.9577, 0.9571, 0.9567, 0.9565, 0.9565, 0.9565, 0.9566, 0.9568, 0.957, 0.9573, 0.9576, 0.9579, 0.9582, 0.9585, 0.9587, 0.9588, 0.9588, 0.9586, 0.958, 0.9572, 0.9558, 0.9539, 0.9516, 0.949, 0.9463, 0.9438, 0.9415, 0.9397, 0.9381, 0.9366, 0.9351, 0.9335, 0.9316, 0.9295, 0.9273, 0.9252, 0.9231, 0.9212, 0.9195, 0.9179, 0.9164, 0.915, 0.9136, 0.9123, 0.9111, 0.9099, 0.9087, 0.9075, 0.9064, 0.9054, 0.9044, 0.9035, 0.9028, 0.9022, 0.9018, 0.9015, 0.9013, 0.9012, 0.9012, 0.9012, 0.9013, 0.9013, 0.9014, 0.9013, 0.9013, 0.9012, 0.9013, 0.9015, 0.9019, 0.9024, 0.9031, 0.9039, 0.9048, 0.9058, 0.9069, 0.908, 0.9091, 0.9103, 0.9116, 0.9129, 0.9143, 0.9159, 0.9177, 0.9197, 0.922, 0.9245, 0.927, 0.9295, 0.9318, 0.9339, 0.9359, 0.9377, 0.9396, 0.9415, 0.9435, 0.9456, 0.9477, 0.9498, 0.9518, 0.9537, 0.9554, 0.957, 0.9583, 0.9595, 0.9605, 0.9613, 0.9621, 0.9628, 0.9635, 0.9643, 0.9652, 0.9662, 0.9673, 0.9685, 0.9697, 0.9711, 0.9725, 0.9738, 0.9749, 0.9757, 0.9763, 0.9766, 0.9769, 0.9774, 0.978, 0.9792, 0.9807, 0.9826, 0.9847, 0.9869, 0.9891, 0.9911, 0.9929, 0.9945, 0.9957, 0.9965, 0.9968, 0.9969, 0.9969, 0.9969, 0.9971, 0.9976, 0.9982, 0.999, 0.9996, 1.0, 1.0, 0.9997, 0.9992, 0.9987, 0.9983, 0.9982, 0.9984, 0.9987, 0.999, 0.9993, 0.9994, 0.9993, 0.999, 0.9985, 0.9977, 0.9967, 0.9955, 0.9941, 0.9927, 0.9914, 0.9901, 0.989, 0.9881, 0.9871, 0.9862, 0.9853, 0.9842, 0.983, 0.9818, 0.9808, 0.9799, 0.9793, 0.9789, 0.9786, 0.9781, 0.9775, 0.9764, 0.975, 0.9732, 0.9711, 0.9689, 0.9666, 0.9643, 0.9621, 0.9599, 0.9578, 0.9557, 0.9537, 0.9518, 0.95, 0.9482, 0.9465, 0.9449, 0.9434, 0.9419, 0.9404, 0.939, 0.9375, 0.9361, 0.9346, 0.933, 0.9313, 0.9295, 0.9275, 0.9253, 0.9229, 0.9202, 0.9171, 0.9138, 0.91, 0.9059, 0.9014, 0.8965, 0.8911, 0.8852, 0.8784, 0.8707, 0.8619, 0.8518, 0.8408, 0.8294, 0.8182, 0.8077, 0.7983, 0.7899, 0.7815, 0.7722, 0.7611, 0.7474, 0.7309, 0.7129, 0.6944, 0.6765, 0.6605, 0.6469, 0.6349, 0.6235, 0.6117, 0.5987, 0.5836, 0.567, 0.5497, 0.5324, 0.5158, 0.5008, 0.4873, 0.4754, 0.4649, 0.4557, 0.4478, 0.4409, 0.4349, 0.4295, 0.4246, 0.42, 0.4157]",1.7217391304347827,0.41515031552837056,0.2955219598494028
5,0.366,88.7,2.859,2.608,5940.0,3450.0,0.56899,detached,Y,https://academic.oup.com/pasj/article/70/4/72/5036216,BUVul,I,"[0.4472, 0.4461, 0.4455, 0.4454, 0.446, 0.4475, 0.45, 0.4537, 0.4587, 0.4653, 0.4733, 0.4828, 0.4939, 0.5065, 0.5204, 0.5354, 0.551, 0.5667, 0.5822, 0.5972, 0.6116, 0.6258, 0.64, 0.6543, 0.669, 0.6839, 0.6987, 0.7131, 0.727, 0.7399, 0.7519, 0.7631, 0.7736, 0.7836, 0.7932, 0.8025, 0.8115, 0.8201, 0.8284, 0.8363, 0.8437, 0.8509, 0.8577, 0.8643, 0.8706, 0.8768, 0.8828, 0.8884, 0.8935, 0.8981, 0.9021, 0.9055, 0.9083, 0.9107, 0.9127, 0.9145, 0.916, 0.9174, 0.9187, 0.92, 0.9213, 0.9227, 0.9241, 0.9255, 0.927, 0.9284, 0.9299, 0.9313, 0.9328, 0.9342, 0.9356, 0.937, 0.9384, 0.9397, 0.9411, 0.9424, 0.9437, 0.945, 0.9464, 0.9477, 0.949, 0.9503, 0.9515, 0.9528, 0.9541, 0.9553, 0.9564, 0.9575, 0.9585, 0.9595, 0.9605, 0.9614, 0.9624, 0.9633, 0.9642, 0.965, 0.9659, 0.9667, 0.9675, 0.9682, 0.969, 0.9697, 0.9703, 0.9709, 0.9715, 0.972, 0.9724, 0.9728, 0.9731, 0.9734, 0.9736, 0.9738, 0.974, 0.9742, 0.9743, 0.9745, 0.9746, 0.9747, 0.9748, 0.9749, 0.9749, 0.9749, 0.9749, 0.9748, 0.9747, 0.9744, 0.9741, 0.9737, 0.9731, 0.9724, 0.9717, 0.9712, 0.9709, 0.9709, 0.9712, 0.9717, 0.9723, 0.9729, 0.9733, 0.9736, 0.9737, 0.9736, 0.9735, 0.9733, 0.9731, 0.9728, 0.9725, 0.9721, 0.9716, 0.971, 0.9703, 0.9695, 0.9686, 0.9676, 0.9665, 0.9653, 0.964, 0.9626, 0.9612, 0.9596, 0.958, 0.9562, 0.9544, 0.9524, 0.9504, 0.9483, 0.9461, 0.9437, 0.9412, 0.9384, 0.9355, 0.9324, 0.9291, 0.9256, 0.9219, 0.918, 0.914, 0.9101, 0.9064, 0.9029, 0.8999, 0.8972, 0.8949, 0.8928, 0.8909, 0.8892, 0.8875, 0.8859, 0.8845, 0.8832, 0.8821, 0.8811, 0.8802, 0.8795, 0.8789, 0.8784, 0.8779, 0.8776, 0.8773, 0.8771, 0.8769, 0.8768, 0.8767, 0.8766, 0.8765, 0.8764, 0.8762, 0.8761, 0.876, 0.8762, 0.8767, 0.8777, 0.879, 0.8807, 0.8827, 0.8848, 0.8871, 0.8895, 0.8919, 0.8945, 0.8972, 0.9, 0.903, 0.9061, 0.9093, 0.9126, 0.916, 0.9195, 0.9231, 0.9267, 0.9303, 0.9339, 0.9375, 0.9411, 0.9446, 0.9479, 0.9512, 0.9544, 0.9574, 0.9602, 0.9629, 0.9655, 0.9678, 0.97, 0.9721, 0.974, 0.9757, 0.9773, 0.9788, 0.9802, 0.9814, 0.9824, 0.9833, 0.984, 0.9846, 0.9852, 0.9857, 0.9863, 0.9869, 0.9877, 0.9884, 0.9892, 0.99, 0.9907, 0.9914, 0.9921, 0.9927, 0.9933, 0.9939, 0.9945, 0.995, 0.9955, 0.996, 0.9965, 0.997, 0.9974, 0.9978, 0.9981, 0.9985, 0.9988, 0.9991, 0.9994, 0.9996, 0.9997, 0.9998, 0.9998, 0.9998, 0.9998, 0.9997, 0.9997, 0.9997, 0.9996, 0.9996, 0.9997, 0.9998, 0.9999, 1.0, 1.0, 0.9999, 0.9997, 0.9992, 0.9986, 0.9979, 0.9971, 0.9964, 0.9956, 0.9948, 0.9941, 0.9933, 0.9925, 0.9917, 0.9909, 0.9899, 0.989, 0.988, 0.987, 0.9859, 0.9848, 0.9837, 0.9825, 0.9813, 0.9801, 0.9789, 0.9776, 0.9764, 0.9751, 0.9738, 0.9725, 0.9711, 0.9697, 0.9682, 0.9667, 0.9651, 0.9635, 0.9618, 0.9601, 0.9584, 0.9568, 0.9552, 0.9536, 0.952, 0.9505, 0.949, 0.9475, 0.9459, 0.9442, 0.9423, 0.9401, 0.9377, 0.9351, 0.932, 0.9287, 0.925, 0.9209, 0.9164, 0.9115, 0.9062, 0.9005, 0.8944, 0.8878, 0.8808, 0.8732, 0.865, 0.8564, 0.8473, 0.8378, 0.8279, 0.8176, 0.807, 0.7958, 0.7841, 0.7717, 0.7584, 0.7444, 0.7299, 0.7153, 0.7009, 0.687, 0.6737, 0.6608, 0.648, 0.635, 0.6216, 0.6074, 0.5927, 0.5776, 0.5622, 0.5467, 0.5313, 0.5163, 0.5022, 0.4895, 0.4786, 0.4698, 0.4633, 0.4585, 0.4551, 0.4526, 0.4507, 0.4492]",1.7217391304347827,0.41515031552837056,0.2955219598494028
6,0.366,88.7,2.859,2.608,5940.0,3450.0,0.56899,detached,Y,https://academic.oup.com/pasj/article/70/4/72/5036216,BUVul,R,"[0.4303, 0.4292, 0.4284, 0.4278, 0.4279, 0.4291, 0.4322, 0.4377, 0.4462, 0.4577, 0.4714, 0.4867, 0.5025, 0.5182, 0.5333, 0.5478, 0.562, 0.5761, 0.5903, 0.6047, 0.6192, 0.6337, 0.6479, 0.6617, 0.6748, 0.6873, 0.6995, 0.7114, 0.7232, 0.7352, 0.7472, 0.7591, 0.7708, 0.782, 0.7926, 0.8026, 0.812, 0.8209, 0.8294, 0.8377, 0.8458, 0.8536, 0.8609, 0.8678, 0.874, 0.8796, 0.8845, 0.8888, 0.8927, 0.8961, 0.8991, 0.9019, 0.9043, 0.9066, 0.9086, 0.9105, 0.9122, 0.9139, 0.9154, 0.9169, 0.9184, 0.9198, 0.9212, 0.9226, 0.924, 0.9254, 0.9268, 0.9282, 0.9296, 0.9309, 0.9323, 0.9336, 0.9349, 0.9361, 0.9374, 0.9387, 0.94, 0.9413, 0.9426, 0.9439, 0.9452, 0.9464, 0.9476, 0.9488, 0.95, 0.9511, 0.9522, 0.9533, 0.9543, 0.9553, 0.9563, 0.9573, 0.9583, 0.9593, 0.9602, 0.9611, 0.9619, 0.9627, 0.9635, 0.9642, 0.9648, 0.9655, 0.966, 0.9666, 0.9671, 0.9676, 0.9681, 0.9686, 0.969, 0.9694, 0.9698, 0.9702, 0.9705, 0.9709, 0.9712, 0.9714, 0.9717, 0.9719, 0.972, 0.9722, 0.9723, 0.9724, 0.9726, 0.9728, 0.973, 0.9732, 0.9733, 0.9734, 0.9733, 0.9731, 0.9728, 0.9725, 0.9723, 0.9721, 0.9719, 0.9719, 0.9718, 0.9717, 0.9717, 0.9716, 0.9714, 0.9712, 0.971, 0.9708, 0.9706, 0.9703, 0.9701, 0.9698, 0.9696, 0.9694, 0.9692, 0.9689, 0.9686, 0.9681, 0.9674, 0.9666, 0.9657, 0.9647, 0.9636, 0.9626, 0.9615, 0.9604, 0.9592, 0.9579, 0.9565, 0.955, 0.9533, 0.9514, 0.9493, 0.947, 0.9445, 0.9417, 0.9388, 0.9357, 0.9326, 0.9294, 0.9262, 0.923, 0.9199, 0.9169, 0.9141, 0.9115, 0.909, 0.9068, 0.9048, 0.903, 0.9014, 0.9001, 0.8989, 0.8978, 0.8968, 0.8959, 0.8951, 0.8944, 0.8938, 0.8934, 0.8931, 0.8929, 0.8928, 0.8927, 0.8928, 0.8928, 0.8929, 0.893, 0.8932, 0.8934, 0.8937, 0.894, 0.8945, 0.895, 0.8957, 0.8965, 0.8975, 0.8987, 0.9, 0.9014, 0.903, 0.9047, 0.9065, 0.9084, 0.9105, 0.9128, 0.9152, 0.9177, 0.9204, 0.9232, 0.9261, 0.9292, 0.9322, 0.9354, 0.9385, 0.9417, 0.9448, 0.9478, 0.9508, 0.9537, 0.9565, 0.9592, 0.9618, 0.9643, 0.9666, 0.9687, 0.9707, 0.9724, 0.974, 0.9754, 0.9767, 0.9779, 0.9791, 0.9801, 0.9811, 0.982, 0.9829, 0.9837, 0.9844, 0.9851, 0.9857, 0.9864, 0.987, 0.9876, 0.9882, 0.9888, 0.9894, 0.99, 0.9906, 0.9912, 0.9918, 0.9924, 0.9931, 0.9937, 0.9943, 0.9948, 0.9952, 0.9955, 0.9957, 0.9958, 0.9959, 0.9961, 0.9964, 0.9969, 0.9976, 0.9983, 0.999, 0.9995, 0.9998, 1.0, 1.0, 0.9999, 0.9999, 0.9998, 0.9998, 0.9999, 0.9999, 0.9999, 0.9998, 0.9996, 0.9994, 0.9991, 0.9987, 0.9983, 0.9978, 0.9973, 0.9968, 0.9962, 0.9956, 0.995, 0.9944, 0.9937, 0.9931, 0.9923, 0.9916, 0.9908, 0.99, 0.9892, 0.9884, 0.9877, 0.9869, 0.9861, 0.9851, 0.9841, 0.9829, 0.9815, 0.98, 0.9785, 0.9769, 0.9753, 0.9737, 0.9722, 0.9708, 0.9693, 0.9678, 0.9664, 0.9649, 0.9634, 0.9619, 0.9604, 0.959, 0.9575, 0.9561, 0.9546, 0.9531, 0.9516, 0.9501, 0.9484, 0.9467, 0.9449, 0.943, 0.9409, 0.9386, 0.9361, 0.9333, 0.9303, 0.9269, 0.9231, 0.9189, 0.9143, 0.9091, 0.9034, 0.8972, 0.8904, 0.883, 0.8752, 0.8668, 0.858, 0.8487, 0.839, 0.8289, 0.8185, 0.8078, 0.7965, 0.7847, 0.7722, 0.7589, 0.7449, 0.7306, 0.7164, 0.7027, 0.6899, 0.6781, 0.6668, 0.6556, 0.6439, 0.6313, 0.6173, 0.602, 0.5856, 0.5682, 0.5501, 0.5315, 0.513, 0.4952, 0.479, 0.4651, 0.4542, 0.4463, 0.4408, 0.4371, 0.4347, 0.433, 0.4316]",1.7217391304347827,0.41515031552837056,0.2955219598494028
7,0.366,88.7,2.859,2.608,5940.0,3450.0,0.56899,detached,Y,https://academic.oup.com/pasj/article/70/4/72/5036216,BUVul,B,"[0.3927, 0.3923, 0.3926, 0.3936, 0.3954, 0.3983, 0.4027, 0.4088, 0.4171, 0.4276, 0.4398, 0.4534, 0.468, 0.4831, 0.4985, 0.5141, 0.5298, 0.5456, 0.5614, 0.5771, 0.5928, 0.6083, 0.6237, 0.6388, 0.6537, 0.6684, 0.6828, 0.697, 0.711, 0.7248, 0.7383, 0.7515, 0.7643, 0.7765, 0.7881, 0.7989, 0.8091, 0.8186, 0.8274, 0.8356, 0.843, 0.85, 0.8564, 0.8625, 0.8683, 0.8739, 0.8792, 0.8841, 0.8887, 0.8927, 0.8961, 0.899, 0.9015, 0.9035, 0.9053, 0.9069, 0.9084, 0.9097, 0.911, 0.9123, 0.9136, 0.9149, 0.9163, 0.9177, 0.9191, 0.9206, 0.9222, 0.9237, 0.9252, 0.9267, 0.928, 0.9292, 0.9303, 0.9314, 0.9325, 0.9337, 0.9351, 0.9365, 0.938, 0.9394, 0.9408, 0.942, 0.9431, 0.9441, 0.945, 0.946, 0.947, 0.9482, 0.9494, 0.9506, 0.9517, 0.9528, 0.9538, 0.9548, 0.9556, 0.9565, 0.9573, 0.9582, 0.959, 0.9598, 0.9606, 0.9612, 0.9617, 0.9621, 0.9625, 0.9628, 0.9631, 0.9635, 0.964, 0.9645, 0.9649, 0.9653, 0.9656, 0.9657, 0.9658, 0.9658, 0.9658, 0.9659, 0.9662, 0.9664, 0.9667, 0.967, 0.9673, 0.9674, 0.9675, 0.9676, 0.9677, 0.9678, 0.968, 0.9682, 0.9685, 0.9688, 0.969, 0.9691, 0.9691, 0.9691, 0.969, 0.9689, 0.9687, 0.9685, 0.9683, 0.9682, 0.968, 0.9678, 0.9676, 0.9674, 0.9672, 0.9671, 0.9669, 0.9668, 0.9666, 0.9665, 0.9663, 0.9661, 0.9658, 0.9654, 0.965, 0.9646, 0.9641, 0.9635, 0.9629, 0.9622, 0.9615, 0.9608, 0.96, 0.9592, 0.9583, 0.9573, 0.9561, 0.9546, 0.9528, 0.9507, 0.9484, 0.946, 0.9434, 0.9408, 0.9381, 0.9355, 0.9329, 0.9306, 0.9284, 0.9265, 0.9248, 0.9233, 0.9221, 0.921, 0.9201, 0.9194, 0.9188, 0.9182, 0.9177, 0.9173, 0.9168, 0.9165, 0.9161, 0.9159, 0.9157, 0.9155, 0.9154, 0.9153, 0.9153, 0.9152, 0.9151, 0.9151, 0.9151, 0.9152, 0.9155, 0.9158, 0.9163, 0.9168, 0.9174, 0.918, 0.9186, 0.9193, 0.92, 0.9207, 0.9215, 0.9223, 0.9232, 0.9241, 0.9251, 0.9262, 0.9274, 0.9287, 0.9302, 0.9319, 0.9337, 0.9358, 0.9381, 0.9404, 0.9429, 0.9454, 0.9478, 0.9502, 0.9525, 0.9547, 0.9567, 0.9587, 0.9605, 0.9622, 0.9637, 0.9652, 0.9666, 0.9679, 0.9691, 0.9703, 0.9714, 0.9724, 0.9734, 0.9743, 0.9751, 0.976, 0.9768, 0.9776, 0.9783, 0.979, 0.9797, 0.9803, 0.9809, 0.9815, 0.982, 0.9826, 0.9832, 0.9838, 0.9845, 0.9852, 0.9859, 0.9866, 0.9873, 0.988, 0.9887, 0.9894, 0.9901, 0.9909, 0.9917, 0.9925, 0.9933, 0.9939, 0.9944, 0.9948, 0.995, 0.9951, 0.9952, 0.9954, 0.9958, 0.9963, 0.9968, 0.9974, 0.998, 0.9985, 0.9989, 0.9993, 0.9996, 0.9998, 0.9999, 1.0, 1.0, 0.9999, 0.9998, 0.9995, 0.9992, 0.9988, 0.9984, 0.9979, 0.9974, 0.9969, 0.9964, 0.9958, 0.9953, 0.9948, 0.9942, 0.9937, 0.9931, 0.9924, 0.9917, 0.9909, 0.99, 0.989, 0.988, 0.987, 0.9859, 0.9848, 0.9837, 0.9825, 0.9813, 0.9801, 0.9787, 0.9773, 0.9759, 0.9744, 0.9729, 0.9714, 0.9699, 0.9684, 0.9669, 0.9654, 0.9639, 0.9623, 0.9608, 0.9593, 0.9577, 0.9562, 0.9546, 0.953, 0.9513, 0.9494, 0.9474, 0.9452, 0.9427, 0.9399, 0.9369, 0.9336, 0.93, 0.926, 0.9216, 0.9168, 0.9114, 0.9056, 0.8992, 0.8923, 0.8851, 0.8774, 0.8693, 0.8609, 0.8518, 0.842, 0.8313, 0.8197, 0.8072, 0.7941, 0.7807, 0.7672, 0.754, 0.741, 0.7281, 0.715, 0.7013, 0.6869, 0.6715, 0.6554, 0.6387, 0.6216, 0.6043, 0.5869, 0.5696, 0.5524, 0.5353, 0.5184, 0.5016, 0.4853, 0.4698, 0.4553, 0.4421, 0.4305, 0.4207, 0.4124, 0.4058, 0.4006, 0.3969, 0.3944]",1.7217391304347827,0.41515031552837056,0.2955219598494028
8,0.325,83.19,3.249,2.521,7830.0,4583.0,0.88316227,detached,N,https//iopscience.iop.org/article/10.1088/0004-6256/147/2/35,FROri,V,"[0.4315, 0.4285, 0.4277, 0.4291, 0.4328, 0.4385, 0.4464, 0.4562, 0.4679, 0.4815, 0.4965, 0.5129, 0.5304, 0.5487, 0.5676, 0.5867, 0.6056, 0.6241, 0.6417, 0.6582, 0.6737, 0.6884, 0.7026, 0.7166, 0.7305, 0.7445, 0.7587, 0.7731, 0.7879, 0.803, 0.8183, 0.8335, 0.8482, 0.8621, 0.8749, 0.8864, 0.8967, 0.9059, 0.9142, 0.9217, 0.9284, 0.9343, 0.9395, 0.9438, 0.9474, 0.9502, 0.9523, 0.9539, 0.9552, 0.9563, 0.9573, 0.9583, 0.9594, 0.9604, 0.9615, 0.9626, 0.9637, 0.9648, 0.9658, 0.9668, 0.9678, 0.9686, 0.9695, 0.9703, 0.9712, 0.9721, 0.9731, 0.9742, 0.9753, 0.9764, 0.9776, 0.9786, 0.9797, 0.9807, 0.9817, 0.9826, 0.9835, 0.9843, 0.9852, 0.986, 0.9867, 0.9875, 0.9882, 0.9889, 0.9896, 0.9904, 0.9912, 0.992, 0.9928, 0.9936, 0.9943, 0.9949, 0.9955, 0.9959, 0.9963, 0.9966, 0.997, 0.9973, 0.9977, 0.9981, 0.9984, 0.9988, 0.9991, 0.9994, 0.9996, 0.9998, 0.9999, 1.0, 1.0, 0.9999, 0.9998, 0.9997, 0.9995, 0.9993, 0.9991, 0.9989, 0.9987, 0.9984, 0.9982, 0.9978, 0.9975, 0.9972, 0.9969, 0.9965, 0.9961, 0.9957, 0.9953, 0.9948, 0.9942, 0.9936, 0.993, 0.9923, 0.9916, 0.9909, 0.9902, 0.9895, 0.9888, 0.9881, 0.9874, 0.9866, 0.9859, 0.9852, 0.9845, 0.9837, 0.983, 0.9823, 0.9815, 0.9807, 0.98, 0.9792, 0.9784, 0.9776, 0.9768, 0.9761, 0.9754, 0.9747, 0.974, 0.9731, 0.9721, 0.9709, 0.9695, 0.968, 0.9663, 0.9646, 0.9628, 0.9611, 0.9592, 0.9573, 0.9551, 0.9528, 0.9502, 0.9474, 0.9444, 0.9414, 0.9384, 0.9354, 0.9325, 0.9295, 0.9264, 0.9232, 0.9199, 0.9165, 0.9131, 0.9097, 0.9064, 0.9033, 0.9004, 0.8975, 0.8948, 0.892, 0.8892, 0.8864, 0.8836, 0.8811, 0.8789, 0.8771, 0.8759, 0.875, 0.8745, 0.8743, 0.8741, 0.874, 0.874, 0.8741, 0.8744, 0.875, 0.8759, 0.8771, 0.8786, 0.8803, 0.8823, 0.8845, 0.8869, 0.8894, 0.892, 0.8947, 0.8975, 0.9003, 0.9032, 0.9061, 0.9091, 0.9122, 0.9154, 0.9186, 0.9219, 0.9252, 0.9284, 0.9315, 0.9345, 0.9375, 0.9404, 0.9434, 0.9464, 0.9495, 0.9524, 0.9552, 0.9577, 0.9599, 0.9617, 0.9633, 0.9648, 0.9662, 0.9676, 0.969, 0.9704, 0.9718, 0.9731, 0.9742, 0.9751, 0.9759, 0.9766, 0.9772, 0.9779, 0.9785, 0.9793, 0.98, 0.9808, 0.9815, 0.9822, 0.983, 0.9837, 0.9844, 0.9851, 0.9858, 0.9866, 0.9874, 0.9881, 0.9889, 0.9896, 0.9904, 0.9911, 0.9917, 0.9924, 0.993, 0.9936, 0.9942, 0.9947, 0.9952, 0.9956, 0.996, 0.9964, 0.9968, 0.9972, 0.9976, 0.998, 0.9983, 0.9987, 0.999, 0.9992, 0.9994, 0.9995, 0.9995, 0.9995, 0.9994, 0.9994, 0.9993, 0.9993, 0.9992, 0.9992, 0.999, 0.9989, 0.9987, 0.9985, 0.9983, 0.998, 0.9976, 0.9972, 0.9968, 0.9964, 0.9959, 0.9954, 0.9949, 0.9944, 0.9939, 0.9932, 0.9926, 0.9918, 0.9911, 0.9903, 0.9896, 0.989, 0.9884, 0.9879, 0.9873, 0.9866, 0.9858, 0.9848, 0.9837, 0.9825, 0.9814, 0.9804, 0.9795, 0.9787, 0.978, 0.9772, 0.9763, 0.9751, 0.9738, 0.9725, 0.9712, 0.9699, 0.9689, 0.968, 0.9673, 0.9666, 0.9659, 0.9652, 0.9643, 0.9633, 0.9622, 0.961, 0.9598, 0.9585, 0.9571, 0.9556, 0.9538, 0.9518, 0.9495, 0.947, 0.9441, 0.9411, 0.9378, 0.9342, 0.9301, 0.925, 0.9185, 0.9101, 0.8994, 0.8867, 0.8726, 0.8577, 0.8427, 0.8283, 0.8146, 0.8016, 0.7891, 0.7768, 0.7646, 0.7521, 0.7392, 0.7255, 0.7108, 0.6946, 0.6769, 0.658, 0.6383, 0.6184, 0.5987, 0.5797, 0.5614, 0.5441, 0.5278, 0.5126, 0.4986, 0.4858, 0.4741, 0.4637, 0.4546, 0.4466, 0.4399]",1.7084878900283658,0.34853230674000407,0.2862722498669072
9,0.325,83.19,3.249,2.521,7830.0,4583.0,0.88316227,detached,N,https//iopscience.iop.org/article/10.1088/0004-6256/147/2/35,FROri,R,"[0.4117, 0.4079, 0.4073, 0.4103, 0.4168, 0.4258, 0.4364, 0.4478, 0.4591, 0.4701, 0.4814, 0.4936, 0.5074, 0.5233, 0.5418, 0.562, 0.5832, 0.6046, 0.6254, 0.645, 0.6635, 0.6812, 0.6985, 0.7158, 0.7331, 0.7505, 0.7677, 0.7844, 0.8002, 0.815, 0.8287, 0.8413, 0.853, 0.8639, 0.8741, 0.8837, 0.8928, 0.9013, 0.9095, 0.9172, 0.9246, 0.9315, 0.9377, 0.9432, 0.9476, 0.9511, 0.9536, 0.9555, 0.9569, 0.958, 0.959, 0.96, 0.9611, 0.9622, 0.9633, 0.9644, 0.9657, 0.9669, 0.9681, 0.9692, 0.9703, 0.9712, 0.972, 0.9729, 0.9737, 0.9746, 0.9756, 0.9766, 0.9777, 0.9789, 0.98, 0.9811, 0.9822, 0.9833, 0.9843, 0.9854, 0.9864, 0.9874, 0.9883, 0.9892, 0.9899, 0.9904, 0.9909, 0.9912, 0.9916, 0.9919, 0.9924, 0.9931, 0.9938, 0.9945, 0.9952, 0.9957, 0.9962, 0.9965, 0.9968, 0.997, 0.9972, 0.9975, 0.9978, 0.9981, 0.9984, 0.9987, 0.999, 0.9993, 0.9995, 0.9997, 0.9998, 0.9999, 0.9998, 0.9997, 0.9995, 0.9992, 0.999, 0.9987, 0.9984, 0.9981, 0.9977, 0.9974, 0.997, 0.9966, 0.9962, 0.9957, 0.9953, 0.9948, 0.9944, 0.9939, 0.9934, 0.9929, 0.9923, 0.9917, 0.991, 0.9903, 0.9896, 0.9889, 0.9882, 0.9874, 0.9866, 0.9858, 0.985, 0.9842, 0.9834, 0.9826, 0.9817, 0.9809, 0.98, 0.9792, 0.9783, 0.9775, 0.9766, 0.9757, 0.9749, 0.974, 0.9732, 0.9724, 0.9716, 0.9709, 0.9702, 0.9693, 0.9684, 0.9673, 0.9661, 0.9648, 0.9634, 0.9619, 0.9604, 0.9589, 0.9574, 0.9558, 0.9541, 0.9522, 0.9502, 0.948, 0.9458, 0.9435, 0.9413, 0.9391, 0.9369, 0.9347, 0.9325, 0.9303, 0.9281, 0.9258, 0.9235, 0.9213, 0.9191, 0.917, 0.915, 0.9131, 0.9111, 0.9091, 0.9071, 0.9051, 0.9031, 0.9013, 0.8997, 0.8985, 0.8975, 0.8969, 0.8966, 0.8964, 0.8962, 0.8961, 0.8961, 0.8962, 0.8964, 0.8968, 0.8974, 0.8983, 0.8993, 0.9005, 0.9019, 0.9035, 0.9052, 0.907, 0.9088, 0.9107, 0.9126, 0.9146, 0.9165, 0.9186, 0.9207, 0.9229, 0.9253, 0.9278, 0.9303, 0.9328, 0.9352, 0.9376, 0.9399, 0.9421, 0.9443, 0.9464, 0.9486, 0.9507, 0.9528, 0.9547, 0.9565, 0.9582, 0.9597, 0.9611, 0.9624, 0.9637, 0.965, 0.9662, 0.9675, 0.9687, 0.9698, 0.9708, 0.9716, 0.9724, 0.9731, 0.9738, 0.9745, 0.9752, 0.9759, 0.9767, 0.9775, 0.9784, 0.9792, 0.98, 0.9808, 0.9817, 0.9825, 0.9833, 0.984, 0.9848, 0.9856, 0.9863, 0.9871, 0.9879, 0.9886, 0.9893, 0.99, 0.9907, 0.9913, 0.9918, 0.9923, 0.9928, 0.9933, 0.9937, 0.9942, 0.9947, 0.9952, 0.9957, 0.9961, 0.9966, 0.9971, 0.9975, 0.9979, 0.9982, 0.9985, 0.9987, 0.999, 0.9992, 0.9994, 0.9996, 0.9998, 0.9999, 1.0, 0.9999, 0.9998, 0.9995, 0.9991, 0.9987, 0.9983, 0.9979, 0.9976, 0.9972, 0.9968, 0.9965, 0.9961, 0.9957, 0.9953, 0.9948, 0.9943, 0.9938, 0.9932, 0.9926, 0.992, 0.9914, 0.9908, 0.9903, 0.9897, 0.9891, 0.9885, 0.9877, 0.9868, 0.9858, 0.9848, 0.9837, 0.9827, 0.9818, 0.9809, 0.98, 0.9791, 0.9781, 0.977, 0.9759, 0.9747, 0.9736, 0.9725, 0.9715, 0.9706, 0.9697, 0.9689, 0.9681, 0.9671, 0.9661, 0.965, 0.9638, 0.9626, 0.9613, 0.9601, 0.9587, 0.9572, 0.9554, 0.9533, 0.9509, 0.9481, 0.9451, 0.9419, 0.9385, 0.9351, 0.9311, 0.9261, 0.9196, 0.911, 0.8998, 0.8864, 0.8718, 0.8568, 0.8425, 0.8298, 0.8188, 0.8086, 0.7981, 0.7861, 0.7717, 0.7543, 0.7349, 0.7143, 0.6936, 0.6737, 0.6555, 0.6385, 0.6221, 0.6058, 0.5889, 0.5709, 0.5521, 0.5332, 0.5148, 0.4976, 0.4821, 0.4686, 0.4568, 0.4464, 0.4372, 0.4288, 0.4215]",1.7084878900283658,0.34853230674000407,0.2862722498669072
10,0.135,78.3,6.01,2.062,7800.0,4260.0,5.5201878,detached,N,https//academic.oup.com/mnras/article/432/4/3278/1006213,IOUMA,V,"[0.5804, 0.5813, 0.5851, 0.5916, 0.6009, 0.6129, 0.6278, 0.6457, 0.6666, 0.6903, 0.716, 0.7431, 0.7708, 0.7982, 0.8249, 0.8501, 0.8733, 0.8941, 0.9119, 0.9263, 0.9376, 0.9463, 0.9528, 0.9577, 0.9613, 0.964, 0.9659, 0.9672, 0.9681, 0.9688, 0.9694, 0.9698, 0.9701, 0.9703, 0.9704, 0.9705, 0.9705, 0.9706, 0.9708, 0.9712, 0.9718, 0.9725, 0.9734, 0.9742, 0.9749, 0.9754, 0.9759, 0.9762, 0.9766, 0.9769, 0.9774, 0.9779, 0.9784, 0.979, 0.9796, 0.9801, 0.9807, 0.9812, 0.9817, 0.9822, 0.9828, 0.9833, 0.9839, 0.9844, 0.9849, 0.9854, 0.9858, 0.9862, 0.9866, 0.987, 0.9875, 0.988, 0.9885, 0.9891, 0.9896, 0.9902, 0.9907, 0.9913, 0.9918, 0.9923, 0.9928, 0.9933, 0.9937, 0.9942, 0.9946, 0.9951, 0.9955, 0.9959, 0.9962, 0.9966, 0.997, 0.9973, 0.9977, 0.9981, 0.9984, 0.9987, 0.9989, 0.9991, 0.9992, 0.9992, 0.9992, 0.9992, 0.9992, 0.9992, 0.9991, 0.9992, 0.9992, 0.9993, 0.9994, 0.9995, 0.9996, 0.9998, 0.9999, 0.9999, 0.9999, 0.9999, 0.9998, 0.9997, 0.9996, 0.9994, 0.9991, 0.9989, 0.9986, 0.9984, 0.9981, 0.9979, 0.9977, 0.9975, 0.9973, 0.9972, 0.997, 0.9967, 0.9964, 0.9961, 0.9956, 0.9951, 0.9945, 0.994, 0.9934, 0.9928, 0.9923, 0.9918, 0.9912, 0.9907, 0.9901, 0.9896, 0.989, 0.9884, 0.9879, 0.9873, 0.9867, 0.9862, 0.9856, 0.9851, 0.9846, 0.984, 0.9835, 0.9829, 0.9824, 0.9819, 0.9813, 0.9808, 0.9802, 0.9796, 0.9791, 0.9785, 0.9779, 0.9774, 0.9768, 0.9763, 0.9757, 0.9752, 0.9746, 0.9741, 0.9736, 0.973, 0.9724, 0.9718, 0.971, 0.9701, 0.969, 0.9678, 0.9665, 0.9652, 0.964, 0.9628, 0.9617, 0.9607, 0.9597, 0.9587, 0.9578, 0.9569, 0.9559, 0.9551, 0.9544, 0.9538, 0.9533, 0.953, 0.9527, 0.9525, 0.9521, 0.9518, 0.9514, 0.9512, 0.9512, 0.9515, 0.9522, 0.9532, 0.9545, 0.956, 0.9574, 0.9588, 0.9601, 0.9613, 0.9624, 0.9635, 0.9646, 0.9658, 0.9669, 0.968, 0.969, 0.97, 0.9709, 0.9717, 0.9724, 0.9731, 0.9737, 0.9742, 0.9746, 0.9751, 0.9755, 0.9759, 0.9764, 0.9769, 0.9774, 0.978, 0.9785, 0.9791, 0.9796, 0.9801, 0.9807, 0.9812, 0.9818, 0.9825, 0.9832, 0.9839, 0.9846, 0.9852, 0.9859, 0.9865, 0.9871, 0.9876, 0.9881, 0.9886, 0.9891, 0.9895, 0.9899, 0.9903, 0.9907, 0.9911, 0.9914, 0.9918, 0.9922, 0.9926, 0.9929, 0.9933, 0.9936, 0.9939, 0.9942, 0.9945, 0.9947, 0.9949, 0.9951, 0.9953, 0.9955, 0.9957, 0.9959, 0.9962, 0.9965, 0.9968, 0.9971, 0.9975, 0.9978, 0.9982, 0.9985, 0.9987, 0.999, 0.9992, 0.9994, 0.9996, 0.9997, 0.9998, 0.9999, 1.0, 1.0, 0.9999, 0.9998, 0.9997, 0.9995, 0.9994, 0.9992, 0.999, 0.9988, 0.9985, 0.9983, 0.998, 0.9977, 0.9973, 0.997, 0.9966, 0.9963, 0.9959, 0.9956, 0.9952, 0.9948, 0.9945, 0.9941, 0.9938, 0.9933, 0.9928, 0.9922, 0.9915, 0.9906, 0.9898, 0.9889, 0.9881, 0.9873, 0.9867, 0.9861, 0.9856, 0.9853, 0.9851, 0.9851, 0.9851, 0.9851, 0.9851, 0.985, 0.9848, 0.9845, 0.9841, 0.9837, 0.9832, 0.9827, 0.9822, 0.9817, 0.9811, 0.9804, 0.9798, 0.9791, 0.9784, 0.9778, 0.9773, 0.9768, 0.9765, 0.9762, 0.9759, 0.9756, 0.9752, 0.9749, 0.9745, 0.9741, 0.9736, 0.9732, 0.9728, 0.9723, 0.9717, 0.9711, 0.9703, 0.9695, 0.9687, 0.9679, 0.9672, 0.9666, 0.9661, 0.9656, 0.9648, 0.9636, 0.9619, 0.9592, 0.9549, 0.948, 0.9377, 0.9233, 0.9041, 0.8811, 0.8555, 0.8284, 0.8012, 0.7748, 0.7496, 0.7255, 0.7026, 0.6807, 0.6599, 0.6404, 0.6227, 0.6074, 0.5951, 0.5863, 0.5812]",1.8309859154929577,0.17046865960022387,0.22396401668352164
11,0.135,78.3,6.01,2.062,7800.0,4260.0,5.5201878,detached,N,https//academic.oup.com/mnras/article/432/4/3278/1006213,IOUMA,R,"[0.5981, 0.6, 0.6038, 0.6091, 0.616, 0.6249, 0.6363, 0.6504, 0.6678, 0.6884, 0.7115, 0.7365, 0.7627, 0.7895, 0.8162, 0.842, 0.866, 0.8876, 0.9058, 0.9201, 0.931, 0.939, 0.9447, 0.9488, 0.9519, 0.9542, 0.956, 0.9573, 0.9584, 0.9593, 0.9603, 0.9612, 0.962, 0.9628, 0.9635, 0.9641, 0.9647, 0.9652, 0.9657, 0.9662, 0.9667, 0.9673, 0.9678, 0.9684, 0.969, 0.9696, 0.9702, 0.9707, 0.9713, 0.9719, 0.9724, 0.9729, 0.9734, 0.974, 0.9746, 0.9753, 0.976, 0.9767, 0.9772, 0.9776, 0.9777, 0.9776, 0.9775, 0.9774, 0.9775, 0.9781, 0.9791, 0.9805, 0.982, 0.9835, 0.9848, 0.9858, 0.9866, 0.9872, 0.9876, 0.9881, 0.9886, 0.9892, 0.9898, 0.9904, 0.9909, 0.9915, 0.992, 0.9924, 0.9929, 0.9933, 0.9937, 0.9941, 0.9946, 0.995, 0.9955, 0.9959, 0.9964, 0.9969, 0.9973, 0.9978, 0.9981, 0.9984, 0.9987, 0.9989, 0.999, 0.9992, 0.9994, 0.9996, 0.9998, 0.9999, 1.0, 1.0, 0.9999, 0.9998, 0.9997, 0.9995, 0.9993, 0.9992, 0.999, 0.9988, 0.9987, 0.9985, 0.9983, 0.9981, 0.9979, 0.9976, 0.9974, 0.9971, 0.9968, 0.9965, 0.9961, 0.9958, 0.9955, 0.9952, 0.9948, 0.9945, 0.994, 0.9936, 0.9931, 0.9925, 0.9919, 0.9914, 0.9908, 0.9902, 0.9896, 0.989, 0.9884, 0.9878, 0.9871, 0.9865, 0.9858, 0.9851, 0.9844, 0.9837, 0.983, 0.9823, 0.9817, 0.981, 0.9804, 0.9797, 0.979, 0.9784, 0.9777, 0.9771, 0.9764, 0.9757, 0.975, 0.9743, 0.9736, 0.9729, 0.9722, 0.9715, 0.9709, 0.9702, 0.9696, 0.969, 0.9683, 0.9676, 0.9669, 0.9662, 0.9653, 0.9644, 0.9634, 0.9623, 0.9611, 0.9598, 0.9584, 0.957, 0.9555, 0.954, 0.9524, 0.9508, 0.949, 0.9472, 0.9452, 0.943, 0.9409, 0.939, 0.9373, 0.9361, 0.9353, 0.9349, 0.9348, 0.9349, 0.935, 0.9351, 0.9353, 0.9356, 0.9362, 0.9371, 0.9386, 0.9404, 0.9424, 0.9443, 0.946, 0.9471, 0.9479, 0.9484, 0.9491, 0.95, 0.9515, 0.9536, 0.956, 0.9585, 0.9609, 0.9629, 0.9643, 0.9654, 0.9661, 0.9666, 0.9671, 0.9676, 0.9682, 0.9688, 0.9694, 0.9699, 0.9703, 0.9706, 0.9709, 0.9712, 0.9716, 0.9721, 0.9727, 0.9735, 0.9743, 0.9751, 0.9759, 0.9767, 0.9774, 0.9782, 0.979, 0.9797, 0.9805, 0.9813, 0.982, 0.9828, 0.9836, 0.9843, 0.985, 0.9858, 0.9865, 0.9872, 0.988, 0.9887, 0.9895, 0.9901, 0.9907, 0.9913, 0.9917, 0.9921, 0.9924, 0.9927, 0.9929, 0.9931, 0.9933, 0.9935, 0.9937, 0.994, 0.9942, 0.9944, 0.9947, 0.9949, 0.9951, 0.9954, 0.9956, 0.9959, 0.9962, 0.9966, 0.997, 0.9974, 0.9979, 0.9983, 0.9988, 0.9991, 0.9994, 0.9996, 0.9998, 0.9998, 0.9999, 0.9998, 0.9997, 0.9996, 0.9994, 0.9992, 0.999, 0.9988, 0.9986, 0.9984, 0.9983, 0.9981, 0.9979, 0.9977, 0.9975, 0.9972, 0.9968, 0.9964, 0.996, 0.9955, 0.995, 0.9946, 0.9941, 0.9936, 0.9931, 0.9926, 0.992, 0.9914, 0.9907, 0.99, 0.9892, 0.9885, 0.9878, 0.9871, 0.9865, 0.9859, 0.9853, 0.9847, 0.9842, 0.9836, 0.9831, 0.9825, 0.9819, 0.9813, 0.9806, 0.9799, 0.9791, 0.9783, 0.9775, 0.9767, 0.9759, 0.9751, 0.9745, 0.9739, 0.9734, 0.973, 0.9726, 0.9722, 0.9718, 0.9713, 0.9708, 0.9703, 0.9696, 0.9689, 0.9681, 0.9673, 0.9665, 0.9658, 0.9652, 0.9648, 0.9644, 0.9641, 0.9639, 0.9637, 0.9635, 0.9633, 0.9629, 0.9624, 0.9618, 0.9609, 0.9599, 0.9586, 0.9571, 0.9554, 0.9532, 0.9495, 0.9435, 0.9341, 0.9204, 0.9017, 0.8789, 0.8533, 0.8262, 0.7987, 0.772, 0.7467, 0.7228, 0.7005, 0.6799, 0.6611, 0.6444, 0.6299, 0.6179, 0.6086, 0.6022, 0.5987]",1.8309859154929577,0.17046865960022387,0.22396401668352164
12,0.135,78.3,6.01,2.062,7800.0,4260.0,5.5201878,detached,N,https//academic.oup.com/mnras/article/432/4/3278/1006213,IOUMA,B,"[0.5803, 0.5796, 0.5822, 0.5883, 0.598, 0.6111, 0.6273, 0.6466, 0.6685, 0.693, 0.7194, 0.7474, 0.7763, 0.8059, 0.8354, 0.8637, 0.8899, 0.9129, 0.9315, 0.9452, 0.9545, 0.9606, 0.9644, 0.967, 0.9694, 0.9718, 0.974, 0.9759, 0.9774, 0.9783, 0.9786, 0.9787, 0.9785, 0.9783, 0.9782, 0.9784, 0.9786, 0.979, 0.9794, 0.9797, 0.9799, 0.9801, 0.9803, 0.9805, 0.9808, 0.9812, 0.9817, 0.9823, 0.9828, 0.9833, 0.9837, 0.984, 0.9843, 0.9846, 0.9849, 0.9852, 0.9855, 0.9859, 0.9863, 0.9867, 0.9871, 0.9875, 0.9878, 0.9882, 0.9885, 0.9889, 0.9892, 0.9895, 0.9899, 0.9902, 0.9905, 0.9909, 0.9912, 0.9915, 0.9918, 0.9921, 0.9925, 0.9928, 0.9931, 0.9935, 0.9938, 0.9941, 0.9945, 0.9948, 0.9952, 0.9955, 0.9958, 0.9961, 0.9963, 0.9966, 0.9968, 0.997, 0.9972, 0.9975, 0.9977, 0.9979, 0.9981, 0.9982, 0.9983, 0.9984, 0.9985, 0.9986, 0.9987, 0.9988, 0.9989, 0.9989, 0.999, 0.9989, 0.9988, 0.9987, 0.9986, 0.9984, 0.9983, 0.9982, 0.9981, 0.998, 0.9979, 0.9978, 0.9976, 0.9975, 0.9973, 0.9973, 0.9972, 0.9973, 0.9974, 0.9976, 0.9979, 0.9983, 0.9989, 0.9994, 0.9998, 1.0, 0.9998, 0.9991, 0.998, 0.9967, 0.9953, 0.994, 0.9931, 0.9926, 0.9924, 0.9924, 0.9924, 0.9924, 0.9922, 0.9919, 0.9914, 0.9908, 0.99, 0.9891, 0.9881, 0.9871, 0.9861, 0.9853, 0.9847, 0.9843, 0.9841, 0.9839, 0.9839, 0.984, 0.984, 0.9841, 0.9841, 0.984, 0.9838, 0.9835, 0.9831, 0.9827, 0.9823, 0.9819, 0.9815, 0.9812, 0.9809, 0.9806, 0.9803, 0.9799, 0.9794, 0.9789, 0.9784, 0.9778, 0.9771, 0.9763, 0.9755, 0.9747, 0.9739, 0.973, 0.9722, 0.9713, 0.9704, 0.9694, 0.9683, 0.9672, 0.9661, 0.965, 0.9642, 0.9636, 0.9634, 0.9633, 0.9634, 0.9636, 0.9638, 0.964, 0.9641, 0.9643, 0.9645, 0.9649, 0.9654, 0.9661, 0.9669, 0.9678, 0.9687, 0.9696, 0.9705, 0.9714, 0.9724, 0.9736, 0.975, 0.9765, 0.9781, 0.9795, 0.9806, 0.9813, 0.9814, 0.9812, 0.9808, 0.9804, 0.9802, 0.9802, 0.9806, 0.9811, 0.9816, 0.9821, 0.9824, 0.9826, 0.9827, 0.9827, 0.9828, 0.9828, 0.983, 0.9832, 0.9835, 0.9839, 0.9844, 0.985, 0.9856, 0.9863, 0.9869, 0.9875, 0.9881, 0.9886, 0.989, 0.9894, 0.9897, 0.99, 0.9902, 0.9904, 0.9906, 0.9909, 0.9912, 0.9917, 0.9922, 0.9927, 0.9933, 0.9939, 0.9945, 0.995, 0.9955, 0.9959, 0.9963, 0.9965, 0.9966, 0.9966, 0.9967, 0.9967, 0.9968, 0.9969, 0.9969, 0.9969, 0.9969, 0.9968, 0.9967, 0.9965, 0.9964, 0.9963, 0.9963, 0.9964, 0.9965, 0.9967, 0.997, 0.9973, 0.9977, 0.9981, 0.9984, 0.9987, 0.9989, 0.9989, 0.9989, 0.9988, 0.9987, 0.9986, 0.9985, 0.9984, 0.9983, 0.9982, 0.9979, 0.9977, 0.9973, 0.997, 0.9966, 0.9963, 0.9959, 0.9957, 0.9955, 0.9953, 0.9953, 0.9954, 0.9955, 0.9957, 0.9958, 0.9959, 0.9959, 0.9957, 0.9954, 0.9949, 0.9944, 0.9938, 0.9931, 0.9924, 0.9917, 0.991, 0.9904, 0.99, 0.9896, 0.9893, 0.9891, 0.989, 0.9888, 0.9887, 0.9885, 0.9882, 0.9879, 0.9875, 0.987, 0.9865, 0.986, 0.9855, 0.985, 0.9846, 0.9842, 0.9838, 0.9834, 0.983, 0.9825, 0.982, 0.9815, 0.981, 0.9806, 0.9803, 0.98, 0.9798, 0.9796, 0.9794, 0.9791, 0.9788, 0.9785, 0.9783, 0.9782, 0.9783, 0.9785, 0.9785, 0.9783, 0.9777, 0.9764, 0.9745, 0.9722, 0.9698, 0.9676, 0.9656, 0.9639, 0.9614, 0.9569, 0.9494, 0.9377, 0.921, 0.8998, 0.8751, 0.8476, 0.8184, 0.7882, 0.758, 0.7285, 0.7008, 0.6756, 0.6537, 0.6354, 0.6203, 0.608, 0.5982, 0.5906, 0.5851]",1.8309859154929577,0.17046865960022387,0.22396401668352164
13,0.279,85.3,2.54,2.42,7100.0,5707.0,0.40691552,detached,Y,https//iopscience.iop.org/article/10.3847/1538-3881/ab322c,LLCom,V,"[0.613, 0.6131, 0.6133, 0.6137, 0.6141, 0.6146, 0.6151, 0.6155, 0.6158, 0.6161, 0.6166, 0.6177, 0.6197, 0.6229, 0.6274, 0.633, 0.6394, 0.6463, 0.6534, 0.6605, 0.6676, 0.6748, 0.6823, 0.69, 0.6982, 0.7067, 0.7154, 0.7242, 0.733, 0.7418, 0.7503, 0.7587, 0.7668, 0.7747, 0.7822, 0.7894, 0.7962, 0.8027, 0.8087, 0.8144, 0.8198, 0.8249, 0.83, 0.835, 0.8401, 0.8455, 0.851, 0.8565, 0.8618, 0.8669, 0.8716, 0.876, 0.88, 0.8839, 0.8876, 0.8914, 0.8951, 0.8989, 0.9026, 0.9064, 0.9101, 0.9137, 0.9174, 0.9209, 0.9243, 0.9276, 0.9307, 0.9337, 0.9366, 0.9395, 0.9424, 0.9454, 0.9484, 0.9513, 0.9541, 0.9568, 0.9594, 0.9618, 0.9641, 0.9664, 0.9686, 0.971, 0.9733, 0.9756, 0.9779, 0.98, 0.982, 0.9838, 0.9855, 0.9871, 0.9886, 0.99, 0.9915, 0.9928, 0.9941, 0.9953, 0.9962, 0.997, 0.9975, 0.998, 0.9983, 0.9987, 0.999, 0.9993, 0.9996, 0.9999, 1.0, 1.0, 0.9998, 0.9996, 0.9992, 0.9987, 0.9982, 0.9975, 0.9968, 0.9961, 0.9953, 0.9944, 0.9935, 0.9925, 0.9914, 0.9902, 0.9889, 0.9875, 0.9861, 0.9846, 0.983, 0.9814, 0.9798, 0.9783, 0.9767, 0.9751, 0.9734, 0.9717, 0.97, 0.9682, 0.9663, 0.9644, 0.9625, 0.9605, 0.9585, 0.9565, 0.9544, 0.9524, 0.9503, 0.9482, 0.946, 0.9438, 0.9414, 0.9389, 0.9362, 0.9335, 0.9306, 0.9276, 0.9244, 0.9212, 0.9178, 0.9143, 0.9106, 0.9068, 0.9029, 0.8988, 0.8946, 0.8903, 0.8859, 0.8815, 0.877, 0.8723, 0.8675, 0.8625, 0.8573, 0.852, 0.8466, 0.8412, 0.836, 0.8309, 0.826, 0.8212, 0.8165, 0.8119, 0.8072, 0.8027, 0.7984, 0.7944, 0.7909, 0.788, 0.7857, 0.7838, 0.7823, 0.7811, 0.78, 0.7789, 0.778, 0.7772, 0.7765, 0.776, 0.7756, 0.7754, 0.7752, 0.7752, 0.7752, 0.7752, 0.7753, 0.7755, 0.7756, 0.7759, 0.7761, 0.7764, 0.7768, 0.7774, 0.7781, 0.7791, 0.7802, 0.7817, 0.7834, 0.7854, 0.7878, 0.7905, 0.7936, 0.7971, 0.8009, 0.8051, 0.8096, 0.8144, 0.8194, 0.8246, 0.8298, 0.8351, 0.8404, 0.8457, 0.8509, 0.856, 0.861, 0.866, 0.8708, 0.8755, 0.8801, 0.8846, 0.8889, 0.8931, 0.8973, 0.9013, 0.9052, 0.9091, 0.9128, 0.9164, 0.9199, 0.9232, 0.9264, 0.9294, 0.9323, 0.935, 0.9376, 0.9401, 0.9425, 0.9449, 0.9471, 0.9494, 0.9516, 0.9537, 0.9559, 0.9579, 0.96, 0.9619, 0.9638, 0.9657, 0.9674, 0.9692, 0.9709, 0.9726, 0.9743, 0.976, 0.9777, 0.9794, 0.9811, 0.9829, 0.9846, 0.9862, 0.9876, 0.9888, 0.9899, 0.9908, 0.9917, 0.9925, 0.9933, 0.9941, 0.995, 0.9958, 0.9965, 0.9973, 0.998, 0.9986, 0.9991, 0.9994, 0.9996, 0.9996, 0.9994, 0.9991, 0.9988, 0.9984, 0.9981, 0.9976, 0.9972, 0.9965, 0.9958, 0.9949, 0.9938, 0.9926, 0.9914, 0.9901, 0.9888, 0.9875, 0.9862, 0.9846, 0.9829, 0.9809, 0.9788, 0.9764, 0.9741, 0.9718, 0.9696, 0.9676, 0.9657, 0.9637, 0.9616, 0.9593, 0.9566, 0.9537, 0.9506, 0.9473, 0.944, 0.9407, 0.9373, 0.9339, 0.9306, 0.9273, 0.924, 0.9207, 0.9173, 0.9139, 0.9104, 0.9068, 0.9031, 0.8992, 0.8953, 0.8912, 0.8872, 0.8831, 0.8791, 0.8752, 0.8714, 0.8678, 0.8644, 0.8609, 0.8572, 0.853, 0.8481, 0.8424, 0.836, 0.8293, 0.8227, 0.8164, 0.8108, 0.8056, 0.8007, 0.7957, 0.7904, 0.7844, 0.7777, 0.7702, 0.7619, 0.7529, 0.7431, 0.7327, 0.7222, 0.712, 0.7026, 0.6944, 0.6877, 0.6819, 0.6765, 0.6709, 0.6647, 0.6573, 0.6493, 0.6413, 0.6337, 0.6273, 0.6225, 0.6192, 0.6172, 0.616, 0.6153, 0.6149, 0.6144, 0.614, 0.6137, 0.6134, 0.6132, 0.6131]",1.244086209917645,0.462625657882246,0.2745306365718843
14,0.279,85.3,2.54,2.42,7100.0,5707.0,0.40691552,detached,Y,https//iopscience.iop.org/article/10.3847/1538-3881/ab322c,LLCom,R,"[0.628, 0.628, 0.628, 0.628, 0.6281, 0.6283, 0.6288, 0.6296, 0.6308, 0.6324, 0.6345, 0.6368, 0.6393, 0.642, 0.6448, 0.648, 0.6517, 0.6564, 0.6621, 0.669, 0.677, 0.6857, 0.695, 0.7043, 0.7136, 0.7227, 0.7314, 0.7399, 0.748, 0.7557, 0.763, 0.77, 0.7769, 0.7837, 0.7905, 0.7975, 0.8044, 0.8112, 0.8178, 0.824, 0.8299, 0.8354, 0.8407, 0.8458, 0.8507, 0.8556, 0.8604, 0.8652, 0.8698, 0.8743, 0.8788, 0.8831, 0.8872, 0.8913, 0.8951, 0.8988, 0.9023, 0.9057, 0.909, 0.9121, 0.9152, 0.9182, 0.9211, 0.9239, 0.9267, 0.9295, 0.9323, 0.935, 0.9377, 0.9404, 0.9431, 0.9458, 0.9486, 0.9513, 0.9542, 0.957, 0.96, 0.9629, 0.9658, 0.9685, 0.9709, 0.973, 0.9748, 0.9764, 0.9778, 0.9793, 0.9809, 0.9826, 0.9844, 0.9862, 0.988, 0.9895, 0.9908, 0.992, 0.9931, 0.994, 0.995, 0.996, 0.9969, 0.9978, 0.9986, 0.9992, 0.9996, 0.9999, 0.9999, 0.9999, 0.9999, 0.9998, 0.9998, 0.9997, 0.9996, 0.9994, 0.999, 0.9986, 0.998, 0.9973, 0.9965, 0.9956, 0.9947, 0.9937, 0.9927, 0.9917, 0.9906, 0.9896, 0.9886, 0.9875, 0.9863, 0.985, 0.9835, 0.982, 0.9803, 0.9786, 0.9769, 0.9752, 0.9735, 0.9718, 0.97, 0.9683, 0.9665, 0.9647, 0.9629, 0.961, 0.959, 0.957, 0.9549, 0.9528, 0.9506, 0.9484, 0.9461, 0.9438, 0.9414, 0.9389, 0.9362, 0.9333, 0.9302, 0.9268, 0.9233, 0.9195, 0.9156, 0.9115, 0.9073, 0.9029, 0.8985, 0.8941, 0.8895, 0.8849, 0.8802, 0.8753, 0.8701, 0.8646, 0.8587, 0.8526, 0.8464, 0.8403, 0.8343, 0.8286, 0.8232, 0.818, 0.8131, 0.8083, 0.8036, 0.7991, 0.7948, 0.7907, 0.7868, 0.7831, 0.7797, 0.7767, 0.7741, 0.772, 0.7705, 0.7696, 0.769, 0.7687, 0.7686, 0.7685, 0.7683, 0.768, 0.7677, 0.7675, 0.7672, 0.767, 0.7669, 0.7669, 0.7669, 0.7671, 0.7675, 0.7679, 0.7685, 0.7692, 0.7701, 0.7711, 0.7724, 0.7739, 0.7758, 0.7781, 0.781, 0.7844, 0.7882, 0.7924, 0.7969, 0.8016, 0.8065, 0.8115, 0.8167, 0.8221, 0.8276, 0.8333, 0.8392, 0.8451, 0.851, 0.8567, 0.8623, 0.8677, 0.8729, 0.878, 0.8829, 0.8877, 0.8924, 0.897, 0.9014, 0.9056, 0.9097, 0.9137, 0.9175, 0.9212, 0.9247, 0.9282, 0.9314, 0.9346, 0.9376, 0.9405, 0.9432, 0.9458, 0.9482, 0.9505, 0.9527, 0.9547, 0.9567, 0.9587, 0.9606, 0.9624, 0.9643, 0.9661, 0.9679, 0.9697, 0.9715, 0.9732, 0.9748, 0.9763, 0.9778, 0.9792, 0.9805, 0.9819, 0.9832, 0.9845, 0.9858, 0.9871, 0.9883, 0.9896, 0.9908, 0.992, 0.9931, 0.9941, 0.995, 0.9957, 0.9964, 0.997, 0.9976, 0.9982, 0.9987, 0.9992, 0.9997, 0.9999, 1.0, 0.9999, 0.9996, 0.9993, 0.9988, 0.9983, 0.9977, 0.9971, 0.9964, 0.9957, 0.995, 0.9942, 0.9932, 0.9922, 0.9911, 0.9899, 0.9885, 0.9869, 0.9853, 0.9836, 0.9818, 0.9799, 0.978, 0.9762, 0.9743, 0.9725, 0.9707, 0.969, 0.9673, 0.9654, 0.9633, 0.9609, 0.9582, 0.9553, 0.9522, 0.9491, 0.946, 0.943, 0.9401, 0.9372, 0.9343, 0.9313, 0.9282, 0.925, 0.9217, 0.9184, 0.915, 0.9117, 0.9084, 0.9051, 0.9018, 0.8985, 0.895, 0.8915, 0.8878, 0.884, 0.8801, 0.876, 0.8717, 0.8672, 0.8625, 0.8578, 0.8529, 0.8478, 0.8427, 0.8374, 0.832, 0.8263, 0.8204, 0.8143, 0.808, 0.8016, 0.795, 0.7882, 0.7813, 0.7742, 0.7668, 0.759, 0.7508, 0.7422, 0.7334, 0.7248, 0.7164, 0.7086, 0.7014, 0.6946, 0.6879, 0.6812, 0.6741, 0.6665, 0.6587, 0.6513, 0.6446, 0.639, 0.6351, 0.6325, 0.6311, 0.6304, 0.6301, 0.6298, 0.6294, 0.629, 0.6286, 0.6283, 0.628, 0.628]",1.244086209917645,0.462625657882246,0.2745306365718843
15,0.279,85.3,2.54,2.42,7100.0,5707.0,0.40691552,detached,Y,https//iopscience.iop.org/article/10.3847/1538-3881/ab322c,LLCom,B,"[0.596, 0.5959, 0.596, 0.5961, 0.5965, 0.5971, 0.5979, 0.5989, 0.6002, 0.6018, 0.6036, 0.6058, 0.6084, 0.6113, 0.6148, 0.6188, 0.6234, 0.6288, 0.6351, 0.6423, 0.6502, 0.6586, 0.6672, 0.6758, 0.6841, 0.6923, 0.7003, 0.7085, 0.7168, 0.7256, 0.7345, 0.7435, 0.7522, 0.7604, 0.7679, 0.7745, 0.7805, 0.7863, 0.7921, 0.7981, 0.8045, 0.8111, 0.8176, 0.8239, 0.8296, 0.8347, 0.8393, 0.8436, 0.848, 0.8526, 0.8578, 0.8633, 0.8691, 0.8748, 0.8803, 0.8854, 0.89, 0.8942, 0.8982, 0.902, 0.9057, 0.9094, 0.913, 0.9167, 0.9205, 0.9243, 0.9282, 0.9321, 0.9359, 0.9395, 0.9429, 0.946, 0.9489, 0.9516, 0.9542, 0.9567, 0.9592, 0.9618, 0.9643, 0.9668, 0.9692, 0.9716, 0.9739, 0.976, 0.9781, 0.9802, 0.9821, 0.9839, 0.9857, 0.9874, 0.9891, 0.9906, 0.9921, 0.9935, 0.9948, 0.9959, 0.9968, 0.9975, 0.998, 0.9984, 0.9988, 0.9991, 0.9994, 0.9997, 0.9999, 1.0, 0.9999, 0.9997, 0.9992, 0.9986, 0.9978, 0.997, 0.9961, 0.9952, 0.9943, 0.9933, 0.9923, 0.9912, 0.99, 0.9887, 0.9874, 0.9859, 0.9844, 0.9828, 0.9811, 0.9794, 0.9776, 0.9758, 0.974, 0.9722, 0.9703, 0.9685, 0.9666, 0.9647, 0.9627, 0.9607, 0.9587, 0.9566, 0.9546, 0.9524, 0.9503, 0.9481, 0.9458, 0.9435, 0.9411, 0.9386, 0.9361, 0.9336, 0.9309, 0.9283, 0.9256, 0.9229, 0.9201, 0.9172, 0.9142, 0.9111, 0.908, 0.9047, 0.9013, 0.8977, 0.894, 0.8902, 0.8863, 0.8824, 0.8784, 0.8745, 0.8705, 0.8664, 0.8621, 0.8577, 0.853, 0.8483, 0.8435, 0.8387, 0.834, 0.8296, 0.8254, 0.8213, 0.8175, 0.8139, 0.8105, 0.8073, 0.8043, 0.8014, 0.7986, 0.7959, 0.7933, 0.791, 0.7889, 0.7872, 0.786, 0.7852, 0.7847, 0.7845, 0.7844, 0.7843, 0.784, 0.7838, 0.7835, 0.7832, 0.7829, 0.7828, 0.7828, 0.7828, 0.783, 0.7833, 0.7838, 0.7843, 0.785, 0.7857, 0.7865, 0.7873, 0.7882, 0.7892, 0.7904, 0.792, 0.7938, 0.7961, 0.7987, 0.8017, 0.8049, 0.8084, 0.8122, 0.8162, 0.8204, 0.8247, 0.8291, 0.8336, 0.8381, 0.8426, 0.8471, 0.8516, 0.856, 0.8603, 0.8645, 0.8686, 0.8727, 0.8768, 0.8808, 0.8847, 0.8886, 0.8924, 0.896, 0.8996, 0.9031, 0.9065, 0.9098, 0.913, 0.9161, 0.9191, 0.9221, 0.9249, 0.9277, 0.9303, 0.9329, 0.9354, 0.9378, 0.9402, 0.9425, 0.9447, 0.9469, 0.9491, 0.9513, 0.9535, 0.9556, 0.9577, 0.9598, 0.9619, 0.9639, 0.9659, 0.9678, 0.9697, 0.9716, 0.9735, 0.9753, 0.9772, 0.979, 0.9808, 0.9825, 0.9842, 0.9858, 0.9874, 0.9888, 0.9901, 0.9913, 0.9923, 0.9933, 0.9942, 0.9951, 0.996, 0.9969, 0.9977, 0.9984, 0.999, 0.9993, 0.9994, 0.9994, 0.9992, 0.9989, 0.9986, 0.9983, 0.998, 0.9977, 0.9972, 0.9966, 0.9959, 0.995, 0.994, 0.9928, 0.9915, 0.9901, 0.9885, 0.9868, 0.985, 0.9831, 0.9811, 0.979, 0.9768, 0.9746, 0.9724, 0.9703, 0.9682, 0.9661, 0.9638, 0.9615, 0.959, 0.9563, 0.9534, 0.9504, 0.9472, 0.9439, 0.9405, 0.9371, 0.9336, 0.93, 0.9263, 0.9226, 0.9189, 0.9151, 0.9114, 0.9077, 0.904, 0.9004, 0.8967, 0.8928, 0.8885, 0.8837, 0.8784, 0.8729, 0.8673, 0.8619, 0.8569, 0.8523, 0.8481, 0.8438, 0.8393, 0.8343, 0.8287, 0.8225, 0.8159, 0.8092, 0.8024, 0.7958, 0.7893, 0.7829, 0.7766, 0.7703, 0.764, 0.7575, 0.7508, 0.7438, 0.7365, 0.7286, 0.7203, 0.7117, 0.7031, 0.6946, 0.6863, 0.6784, 0.6708, 0.6634, 0.6559, 0.6483, 0.6405, 0.6328, 0.6254, 0.6187, 0.6129, 0.6084, 0.6051, 0.6028, 0.6011, 0.5999, 0.599, 0.5982, 0.5976, 0.597, 0.5966, 0.5963, 0.5961]",1.244086209917645,0.462625657882246,0.2745306365718843
16,0.352,83.16,3.377,2.58,9400.0,4856.0,1.80523942,detached,N,https//iopscience.iop.org/article/10.3847/0004-6256/152/2/49,V548Cyg,V,"[0.5087, 0.509, 0.5112, 0.515, 0.5205, 0.5274, 0.5357, 0.5455, 0.5566, 0.5689, 0.5822, 0.5963, 0.6111, 0.6262, 0.6416, 0.6572, 0.6729, 0.6887, 0.7046, 0.7205, 0.7362, 0.7518, 0.767, 0.7818, 0.7961, 0.8098, 0.823, 0.8358, 0.8483, 0.8605, 0.8724, 0.8838, 0.8945, 0.9046, 0.9138, 0.922, 0.9295, 0.9361, 0.9421, 0.9475, 0.9524, 0.9567, 0.9604, 0.9635, 0.9659, 0.9676, 0.9687, 0.9695, 0.9701, 0.9706, 0.9712, 0.9719, 0.9727, 0.9735, 0.9743, 0.975, 0.9757, 0.9763, 0.9769, 0.9775, 0.978, 0.9785, 0.9791, 0.9796, 0.9802, 0.9808, 0.9815, 0.9822, 0.9829, 0.9836, 0.9843, 0.9851, 0.9858, 0.9865, 0.9871, 0.9877, 0.9883, 0.9888, 0.9892, 0.9897, 0.9901, 0.9906, 0.9911, 0.9916, 0.9921, 0.9926, 0.9931, 0.9936, 0.9941, 0.9945, 0.9949, 0.9954, 0.9958, 0.9962, 0.9965, 0.9969, 0.9972, 0.9975, 0.9977, 0.9979, 0.9981, 0.9982, 0.9984, 0.9986, 0.9988, 0.999, 0.9991, 0.9993, 0.9995, 0.9996, 0.9997, 0.9998, 0.9999, 1.0, 1.0, 1.0, 0.9999, 0.9998, 0.9997, 0.9995, 0.9993, 0.999, 0.9987, 0.9984, 0.9982, 0.9979, 0.9976, 0.9973, 0.997, 0.9966, 0.9963, 0.9959, 0.9956, 0.9953, 0.9949, 0.9946, 0.9943, 0.994, 0.9937, 0.9935, 0.9933, 0.993, 0.9928, 0.9925, 0.9921, 0.9918, 0.9914, 0.991, 0.9906, 0.9902, 0.9898, 0.9894, 0.9891, 0.9887, 0.9884, 0.988, 0.9876, 0.9871, 0.9866, 0.986, 0.9852, 0.9844, 0.9835, 0.9825, 0.9813, 0.98, 0.9787, 0.9773, 0.9758, 0.9743, 0.9727, 0.9711, 0.9694, 0.9677, 0.9659, 0.964, 0.962, 0.96, 0.958, 0.9561, 0.9541, 0.9522, 0.9503, 0.9485, 0.9467, 0.945, 0.9433, 0.9417, 0.94, 0.9384, 0.9368, 0.9353, 0.9338, 0.9324, 0.9312, 0.9302, 0.9294, 0.9288, 0.9284, 0.9281, 0.928, 0.9281, 0.9283, 0.9286, 0.9291, 0.9297, 0.9304, 0.9312, 0.9322, 0.9333, 0.9344, 0.9357, 0.937, 0.9385, 0.94, 0.9416, 0.9433, 0.9451, 0.9469, 0.9488, 0.9507, 0.9526, 0.9545, 0.9565, 0.9584, 0.9604, 0.9624, 0.9645, 0.9666, 0.9686, 0.9706, 0.9724, 0.974, 0.9755, 0.9769, 0.9781, 0.9793, 0.9804, 0.9815, 0.9825, 0.9835, 0.9844, 0.9852, 0.9859, 0.9865, 0.9871, 0.9876, 0.9881, 0.9885, 0.9889, 0.9892, 0.9896, 0.9899, 0.9903, 0.9907, 0.991, 0.9914, 0.9917, 0.9921, 0.9924, 0.9927, 0.9931, 0.9934, 0.9939, 0.9943, 0.9947, 0.9951, 0.9955, 0.9958, 0.9961, 0.9963, 0.9965, 0.9967, 0.9968, 0.997, 0.9973, 0.9975, 0.9978, 0.9981, 0.9985, 0.9988, 0.9992, 0.9995, 0.9997, 0.9999, 0.9999, 1.0, 0.9999, 0.9999, 0.9998, 0.9998, 0.9997, 0.9997, 0.9996, 0.9995, 0.9993, 0.9991, 0.9989, 0.9987, 0.9985, 0.9983, 0.9981, 0.9979, 0.9977, 0.9974, 0.9971, 0.9968, 0.9964, 0.996, 0.9957, 0.9953, 0.9949, 0.9945, 0.9942, 0.9938, 0.9934, 0.9929, 0.9925, 0.9921, 0.9916, 0.9912, 0.9907, 0.9902, 0.9898, 0.9893, 0.9887, 0.9882, 0.9876, 0.987, 0.9864, 0.9857, 0.9851, 0.9844, 0.9838, 0.9831, 0.9824, 0.9818, 0.9812, 0.9805, 0.9799, 0.9793, 0.9787, 0.9781, 0.9775, 0.9769, 0.9763, 0.9757, 0.9751, 0.9744, 0.9737, 0.9729, 0.9721, 0.9711, 0.97, 0.9689, 0.9675, 0.9661, 0.9645, 0.9626, 0.9603, 0.9576, 0.9543, 0.9503, 0.9456, 0.9401, 0.9338, 0.9267, 0.9187, 0.9099, 0.9004, 0.8902, 0.8794, 0.8682, 0.8565, 0.8444, 0.8318, 0.8187, 0.8051, 0.791, 0.7765, 0.7617, 0.7466, 0.7313, 0.7159, 0.7003, 0.6846, 0.6688, 0.6529, 0.6368, 0.6207, 0.6049, 0.5896, 0.575, 0.5614, 0.549, 0.538, 0.5286, 0.5209, 0.5152, 0.5115]",1.9357495881383855,0.33635071432298386,0.2920577139311723
17,0.352,83.16,3.377,2.58,9400.0,4856.0,1.80523942,detached,N,https//iopscience.iop.org/article/10.3847/0004-6256/152/2/49,V548Cyg,B,"[0.474, 0.4732, 0.4745, 0.4781, 0.4839, 0.4919, 0.5019, 0.5136, 0.5271, 0.5419, 0.5578, 0.5745, 0.5916, 0.6087, 0.6257, 0.6426, 0.6596, 0.6766, 0.6938, 0.7112, 0.7288, 0.7461, 0.7631, 0.7795, 0.7951, 0.8099, 0.824, 0.8375, 0.8506, 0.8633, 0.8757, 0.8874, 0.8985, 0.9087, 0.9179, 0.926, 0.9332, 0.9397, 0.9455, 0.9508, 0.9557, 0.9601, 0.964, 0.9673, 0.9699, 0.9718, 0.9731, 0.974, 0.9747, 0.9753, 0.976, 0.9768, 0.9777, 0.9786, 0.9795, 0.9804, 0.9812, 0.982, 0.9827, 0.9833, 0.9839, 0.9844, 0.9849, 0.9854, 0.9859, 0.9863, 0.9868, 0.9873, 0.9878, 0.9884, 0.9889, 0.9894, 0.99, 0.9905, 0.9911, 0.9916, 0.9921, 0.9926, 0.9931, 0.9936, 0.994, 0.9945, 0.995, 0.9954, 0.9958, 0.9962, 0.9966, 0.9969, 0.9972, 0.9974, 0.9976, 0.9978, 0.998, 0.9982, 0.9984, 0.9986, 0.9988, 0.9991, 0.9993, 0.9995, 0.9997, 0.9998, 0.9999, 1.0, 1.0, 1.0, 0.9999, 0.9999, 0.9998, 0.9997, 0.9996, 0.9994, 0.9992, 0.999, 0.9988, 0.9986, 0.9983, 0.9981, 0.9979, 0.9977, 0.9974, 0.9971, 0.9968, 0.9964, 0.996, 0.9955, 0.9951, 0.9946, 0.9942, 0.9938, 0.9934, 0.9931, 0.9928, 0.9925, 0.9922, 0.9919, 0.9917, 0.9913, 0.991, 0.9905, 0.9901, 0.9896, 0.989, 0.9885, 0.9879, 0.9874, 0.9869, 0.9863, 0.9859, 0.9854, 0.985, 0.9846, 0.9842, 0.9838, 0.9834, 0.9828, 0.9823, 0.9818, 0.9812, 0.9806, 0.98, 0.9794, 0.9787, 0.9779, 0.9771, 0.9761, 0.9751, 0.974, 0.9729, 0.9718, 0.9707, 0.9696, 0.9685, 0.9673, 0.9661, 0.9648, 0.9635, 0.9622, 0.9608, 0.9596, 0.9583, 0.9571, 0.956, 0.9549, 0.9538, 0.9527, 0.9517, 0.9507, 0.9497, 0.9488, 0.9481, 0.9474, 0.9468, 0.9463, 0.9459, 0.9456, 0.9453, 0.9451, 0.9449, 0.9448, 0.9447, 0.9446, 0.9446, 0.9447, 0.9449, 0.9452, 0.9456, 0.9462, 0.9469, 0.9477, 0.9485, 0.9493, 0.9501, 0.9509, 0.9517, 0.9527, 0.9537, 0.9547, 0.9559, 0.9571, 0.9583, 0.9595, 0.9607, 0.9619, 0.9631, 0.9643, 0.9655, 0.9667, 0.9679, 0.9691, 0.9703, 0.9714, 0.9725, 0.9735, 0.9745, 0.9754, 0.9763, 0.9772, 0.978, 0.9788, 0.9795, 0.9803, 0.981, 0.9816, 0.9823, 0.9829, 0.9835, 0.984, 0.9845, 0.9849, 0.9853, 0.9856, 0.986, 0.9863, 0.9867, 0.987, 0.9874, 0.9878, 0.9883, 0.9888, 0.9893, 0.9899, 0.9904, 0.9909, 0.9915, 0.992, 0.9924, 0.9929, 0.9933, 0.9936, 0.994, 0.9943, 0.9946, 0.9949, 0.9952, 0.9954, 0.9957, 0.996, 0.9963, 0.9966, 0.9968, 0.9971, 0.9974, 0.9976, 0.9979, 0.9982, 0.9985, 0.9987, 0.999, 0.9992, 0.9994, 0.9996, 0.9998, 0.9999, 0.9999, 1.0, 1.0, 1.0, 0.9999, 0.9999, 0.9999, 0.9998, 0.9998, 0.9997, 0.9995, 0.9993, 0.9991, 0.9988, 0.9985, 0.9982, 0.998, 0.9977, 0.9974, 0.9971, 0.9968, 0.9964, 0.9961, 0.9957, 0.9952, 0.9948, 0.9943, 0.9938, 0.9934, 0.9929, 0.9924, 0.9919, 0.9913, 0.9908, 0.9903, 0.9897, 0.9891, 0.9886, 0.9881, 0.9875, 0.987, 0.9864, 0.9859, 0.9853, 0.9848, 0.9842, 0.9837, 0.9832, 0.9826, 0.9821, 0.9815, 0.9809, 0.9803, 0.9796, 0.9789, 0.9782, 0.9775, 0.9767, 0.9759, 0.975, 0.974, 0.9727, 0.9713, 0.9695, 0.9673, 0.9646, 0.9613, 0.9572, 0.9524, 0.9467, 0.9402, 0.9329, 0.9247, 0.9157, 0.906, 0.8955, 0.8845, 0.8729, 0.8608, 0.8483, 0.8353, 0.8217, 0.8074, 0.7924, 0.7767, 0.7604, 0.7436, 0.7265, 0.7093, 0.6921, 0.6748, 0.6573, 0.6397, 0.6219, 0.6037, 0.5857, 0.5681, 0.5514, 0.5361, 0.5226, 0.511, 0.5011, 0.4929, 0.4862, 0.4809, 0.4769]",1.9357495881383855,0.33635071432298386,0.2920577139311723
18,1.0,84.7,8.55,8.55,5900.0,5840.0,2.587332,detached,N,https://iopscience.iop.org/article/10.3847/1538-3881/153/1/36,v773cas,V,"[0.9422, 0.942, 0.9434, 0.9466, 0.9513, 0.9571, 0.9635, 0.9701, 0.9764, 0.9821, 0.9872, 0.9915, 0.9949, 0.9973, 0.9987, 0.9994, 0.9995, 0.9993, 0.999, 0.9989, 0.9988, 0.9989, 0.9989, 0.999, 0.9991, 0.9991, 0.9991, 0.9991, 0.999, 0.999, 0.999, 0.999, 0.999, 0.999, 0.999, 0.999, 0.999, 0.999, 0.999, 0.999, 0.999, 0.999, 0.999, 0.999, 0.999, 0.999, 0.999, 0.999, 0.999, 0.999, 0.999, 0.999, 0.999, 0.999, 0.999, 0.9991, 0.9991, 0.9992, 0.9993, 0.9994, 0.9995, 0.9996, 0.9997, 0.9998, 0.9999, 1.0, 1.0, 1.0, 1.0, 1.0, 0.9999, 0.9999, 0.9999, 0.9999, 0.9999, 0.9999, 0.9999, 0.9999, 0.9999, 0.9999, 0.9999, 0.9999, 0.9999, 0.9999, 0.9999, 0.9999, 0.9999, 0.9999, 0.9999, 0.9999, 0.9999, 0.9999, 0.9999, 0.9999, 0.9999, 0.9999, 0.9999, 0.9999, 0.9999, 0.9999, 0.9999, 0.9999, 0.9999, 0.9999, 0.9999, 0.9999, 0.9999, 0.9999, 0.9999, 0.9999, 0.9999, 0.9999, 0.9999, 0.9999, 0.9999, 0.9999, 0.9999, 0.9999, 0.9999, 0.9999, 0.9999, 0.9999, 0.9999, 0.9999, 0.9999, 0.9999, 0.9999, 0.9999, 0.9999, 0.9999, 0.9999, 0.9999, 0.9999, 0.9999, 0.9999, 0.9999, 0.9999, 0.9999, 1.0, 1.0, 1.0, 1.0, 1.0, 0.9999, 0.9999, 0.9998, 0.9997, 0.9996, 0.9995, 0.9994, 0.9993, 0.9992, 0.9991, 0.999, 0.999, 0.999, 0.999, 0.999, 0.999, 0.999, 0.999, 0.999, 0.999, 0.999, 0.999, 0.999, 0.999, 0.999, 0.999, 0.999, 0.999, 0.999, 0.999, 0.999, 0.999, 0.9991, 0.9991, 0.9991, 0.9991, 0.999, 0.9989, 0.9988, 0.9986, 0.9987, 0.9989, 0.9993, 0.9998, 0.9999, 0.9992, 0.9973, 0.9937, 0.9884, 0.9819, 0.9748, 0.9675, 0.9607, 0.9547, 0.9497, 0.9458, 0.9433, 0.9422, 0.9426, 0.9446, 0.9478, 0.9522, 0.9576, 0.9638, 0.9705, 0.9772, 0.9835, 0.9888, 0.9928, 0.9955, 0.9971, 0.9979, 0.9982, 0.9984, 0.9985, 0.9987, 0.9988, 0.999, 0.999, 0.9991, 0.9991, 0.9991, 0.999, 0.999, 0.999, 0.999, 0.999, 0.999, 0.999, 0.999, 0.999, 0.999, 0.999, 0.999, 0.999, 0.999, 0.999, 0.999, 0.999, 0.999, 0.999, 0.999, 0.999, 0.999, 0.999, 0.999, 0.999, 0.999, 0.999, 0.999, 0.9991, 0.9991, 0.9992, 0.9992, 0.9993, 0.9994, 0.9996, 0.9997, 0.9998, 0.9999, 1.0, 1.0, 1.0, 1.0, 1.0, 0.9999, 0.9999, 0.9999, 0.9999, 0.9999, 0.9999, 1.0, 1.0, 0.9999, 0.9999, 0.9999, 0.9999, 0.9999, 0.9999, 0.9999, 0.9999, 0.9999, 0.9999, 0.9999, 0.9999, 0.9999, 0.9999, 0.9999, 0.9999, 0.9999, 0.9999, 0.9999, 0.9999, 0.9999, 0.9999, 0.9999, 0.9999, 0.9999, 0.9999, 0.9999, 0.9999, 0.9999, 0.9999, 0.9999, 0.9999, 0.9999, 0.9999, 0.9999, 0.9999, 0.9999, 0.9999, 0.9999, 0.9999, 0.9999, 0.9999, 0.9999, 0.9999, 0.9999, 0.9999, 0.9999, 0.9999, 0.9999, 0.9999, 0.9999, 0.9999, 0.9999, 0.9999, 0.9999, 0.9999, 0.9999, 0.9999, 0.9999, 0.9999, 0.9999, 0.9999, 0.9999, 0.9999, 0.9998, 0.9997, 0.9995, 0.9994, 0.9992, 0.9991, 0.999, 0.999, 0.999, 0.999, 0.999, 0.999, 0.999, 0.999, 0.999, 0.999, 0.999, 0.999, 0.999, 0.999, 0.999, 0.999, 0.999, 0.999, 0.999, 0.999, 0.999, 0.999, 0.999, 0.999, 0.999, 0.999, 0.999, 0.9991, 0.9991, 0.9991, 0.9991, 0.999, 0.9989, 0.9989, 0.9989, 0.9989, 0.999, 0.9993, 0.9994, 0.9994, 0.9988, 0.9977, 0.9957, 0.9929, 0.9894, 0.9851, 0.9802, 0.9747, 0.9688, 0.9628, 0.9571, 0.952, 0.9477, 0.9445]",1.0102739726027397,0.1326077390998975,0.1326077390998975
19,1.0,84.7,8.55,8.55,5900.0,5840.0,2.587332,detached,N,https://iopscience.iop.org/article/10.3847/1538-3881/153/1/36,v773cas,R,"[0.9276, 0.9288, 0.9317, 0.9364, 0.9424, 0.9494, 0.9569, 0.9644, 0.9716, 0.9782, 0.984, 0.9889, 0.9928, 0.9957, 0.9974, 0.9982, 0.9985, 0.9983, 0.9981, 0.9979, 0.9979, 0.9979, 0.998, 0.9981, 0.9981, 0.9981, 0.9981, 0.9981, 0.9981, 0.9981, 0.9981, 0.9981, 0.9981, 0.9981, 0.9981, 0.9981, 0.9981, 0.9981, 0.9981, 0.9981, 0.9981, 0.9981, 0.9982, 0.9983, 0.9984, 0.9985, 0.9986, 0.9988, 0.9989, 0.999, 0.9991, 0.9991, 0.9991, 0.999, 0.999, 0.999, 0.999, 0.999, 0.999, 0.999, 0.999, 0.999, 0.999, 0.999, 0.999, 0.999, 0.999, 0.999, 0.999, 0.999, 0.999, 0.999, 0.999, 0.999, 0.999, 0.999, 0.999, 0.999, 0.999, 0.999, 0.999, 0.999, 0.9991, 0.9991, 0.9992, 0.9993, 0.9994, 0.9996, 0.9997, 0.9998, 0.9999, 0.9999, 1.0, 1.0, 1.0, 0.9999, 0.9999, 0.9999, 0.9999, 1.0, 1.0, 0.9999, 0.9999, 0.9998, 0.9998, 0.9997, 0.9995, 0.9994, 0.9993, 0.9992, 0.9991, 0.999, 0.999, 0.999, 0.999, 0.999, 0.999, 0.999, 0.999, 0.999, 0.999, 0.999, 0.999, 0.999, 0.999, 0.999, 0.999, 0.999, 0.999, 0.999, 0.999, 0.999, 0.999, 0.999, 0.999, 0.999, 0.999, 0.999, 0.999, 0.999, 0.999, 0.999, 0.999, 0.999, 0.999, 0.999, 0.999, 0.999, 0.999, 0.999, 0.9989, 0.9989, 0.9988, 0.9987, 0.9986, 0.9985, 0.9983, 0.9982, 0.9981, 0.9981, 0.998, 0.998, 0.9981, 0.9981, 0.9981, 0.9981, 0.9981, 0.9981, 0.9981, 0.9981, 0.9981, 0.9981, 0.9981, 0.9981, 0.9981, 0.9982, 0.9982, 0.9982, 0.9982, 0.9981, 0.9979, 0.9977, 0.9975, 0.9976, 0.9979, 0.9985, 0.9993, 0.9996, 0.9989, 0.9967, 0.9924, 0.9861, 0.9782, 0.9696, 0.9609, 0.9528, 0.9458, 0.94, 0.9356, 0.9326, 0.9312, 0.9315, 0.9333, 0.9368, 0.9417, 0.9482, 0.9561, 0.9648, 0.9737, 0.982, 0.989, 0.9939, 0.9969, 0.9983, 0.9986, 0.9983, 0.998, 0.9978, 0.9978, 0.9979, 0.998, 0.9981, 0.9982, 0.9982, 0.9982, 0.9981, 0.9981, 0.9981, 0.9981, 0.9981, 0.9981, 0.9981, 0.9981, 0.9981, 0.9981, 0.9981, 0.9982, 0.9983, 0.9984, 0.9986, 0.9987, 0.9988, 0.9989, 0.999, 0.999, 0.999, 0.999, 0.999, 0.999, 0.999, 0.999, 0.999, 0.999, 0.999, 0.999, 0.999, 0.999, 0.999, 0.999, 0.999, 0.999, 0.999, 0.999, 0.999, 0.999, 0.999, 0.999, 0.999, 0.999, 0.999, 0.999, 0.999, 0.999, 0.999, 0.999, 0.999, 0.999, 0.999, 0.999, 0.999, 0.999, 0.999, 0.999, 0.999, 0.9991, 0.9992, 0.9993, 0.9995, 0.9996, 0.9997, 0.9998, 0.9998, 0.9999, 0.9999, 0.9999, 0.9999, 0.9999, 0.9999, 0.9999, 0.9999, 1.0, 1.0, 1.0, 1.0, 0.9999, 0.9998, 0.9997, 0.9996, 0.9994, 0.9993, 0.9992, 0.9991, 0.9991, 0.999, 0.999, 0.999, 0.999, 0.999, 0.999, 0.999, 0.999, 0.999, 0.999, 0.999, 0.999, 0.999, 0.999, 0.999, 0.999, 0.999, 0.999, 0.999, 0.999, 0.999, 0.999, 0.999, 0.999, 0.999, 0.999, 0.999, 0.999, 0.999, 0.999, 0.9991, 0.9991, 0.999, 0.999, 0.9989, 0.9988, 0.9986, 0.9985, 0.9984, 0.9983, 0.9982, 0.9982, 0.9981, 0.9981, 0.9981, 0.9981, 0.9981, 0.9981, 0.9981, 0.9981, 0.9981, 0.9981, 0.9981, 0.9981, 0.9981, 0.9981, 0.9981, 0.9981, 0.9981, 0.9981, 0.9982, 0.9982, 0.9982, 0.9982, 0.9981, 0.9979, 0.9977, 0.9976, 0.9977, 0.9979, 0.9983, 0.9987, 0.9989, 0.9986, 0.9975, 0.9954, 0.9923, 0.9881, 0.9828, 0.9765, 0.969, 0.9607, 0.9524, 0.9444, 0.9376, 0.9324, 0.9292]",1.0102739726027397,0.1326077390998975,0.1326077390998975
20,1.0,84.7,8.55,8.55,5900.0,5840.0,2.587332,detached,N,https://iopscience.iop.org/article/10.3847/1538-3881/153/1/36,v773cas,B,"[0.9537, 0.954, 0.9555, 0.9583, 0.9622, 0.9667, 0.9717, 0.9767, 0.9814, 0.9857, 0.9894, 0.9926, 0.9951, 0.997, 0.9982, 0.9988, 0.9991, 0.9991, 0.999, 0.9989, 0.9989, 0.9989, 0.999, 0.999, 0.999, 0.999, 0.999, 0.999, 0.999, 0.999, 0.999, 0.999, 0.999, 0.999, 0.999, 0.999, 0.999, 0.999, 0.999, 0.999, 0.999, 0.999, 0.999, 0.999, 0.999, 0.999, 0.999, 0.999, 0.999, 0.999, 0.999, 0.999, 0.999, 0.999, 0.999, 0.999, 0.999, 0.999, 0.999, 0.999, 0.999, 0.9991, 0.9991, 0.9992, 0.9993, 0.9994, 0.9995, 0.9996, 0.9998, 0.9999, 0.9999, 1.0, 1.0, 1.0, 0.9999, 0.9999, 0.9999, 0.9999, 0.9999, 0.9999, 0.9999, 0.9999, 0.9999, 0.9999, 0.9999, 0.9999, 0.9999, 0.9999, 0.9999, 0.9999, 0.9999, 0.9999, 0.9999, 0.9999, 0.9999, 0.9999, 0.9999, 0.9999, 0.9999, 0.9999, 0.9999, 0.9999, 0.9999, 0.9999, 0.9999, 0.9999, 0.9999, 0.9999, 0.9999, 0.9999, 0.9999, 0.9999, 0.9999, 0.9999, 0.9999, 0.9999, 0.9999, 0.9999, 0.9999, 1.0, 1.0, 1.0, 0.9999, 0.9998, 0.9997, 0.9996, 0.9995, 0.9994, 0.9993, 0.9992, 0.9991, 0.9991, 0.999, 0.999, 0.999, 0.999, 0.999, 0.999, 0.999, 0.999, 0.999, 0.999, 0.999, 0.999, 0.999, 0.999, 0.999, 0.999, 0.999, 0.999, 0.999, 0.999, 0.999, 0.999, 0.999, 0.999, 0.999, 0.999, 0.999, 0.999, 0.999, 0.999, 0.999, 0.999, 0.999, 0.999, 0.999, 0.999, 0.999, 0.999, 0.999, 0.999, 0.999, 0.999, 0.999, 0.999, 0.9991, 0.9991, 0.9991, 0.999, 0.9989, 0.9987, 0.9986, 0.9985, 0.9987, 0.9991, 0.9995, 0.9997, 0.9992, 0.9977, 0.995, 0.9909, 0.9858, 0.9802, 0.9744, 0.9689, 0.964, 0.96, 0.9568, 0.9548, 0.954, 0.9547, 0.9566, 0.9595, 0.9634, 0.9678, 0.9728, 0.978, 0.983, 0.9877, 0.9917, 0.9947, 0.9967, 0.998, 0.9986, 0.9989, 0.999, 0.9991, 0.9991, 0.9991, 0.999, 0.999, 0.999, 0.999, 0.999, 0.999, 0.999, 0.999, 0.999, 0.999, 0.999, 0.999, 0.999, 0.999, 0.999, 0.999, 0.999, 0.999, 0.999, 0.999, 0.999, 0.999, 0.999, 0.999, 0.999, 0.999, 0.999, 0.999, 0.999, 0.999, 0.999, 0.999, 0.999, 0.999, 0.999, 0.999, 0.999, 0.999, 0.999, 0.999, 0.9991, 0.9992, 0.9993, 0.9994, 0.9995, 0.9997, 0.9998, 0.9999, 0.9999, 0.9999, 0.9997, 0.9996, 0.9995, 0.9995, 0.9995, 0.9996, 0.9997, 0.9998, 0.9999, 1.0, 1.0, 1.0, 1.0, 0.9999, 0.9999, 0.9999, 0.9999, 0.9999, 0.9999, 0.9999, 0.9999, 0.9999, 0.9999, 0.9999, 0.9999, 0.9999, 0.9999, 0.9999, 0.9999, 0.9999, 0.9999, 0.9999, 0.9999, 0.9999, 0.9999, 0.9999, 0.9999, 0.9999, 0.9999, 0.9999, 0.9999, 0.9999, 0.9999, 0.9999, 0.9999, 0.9999, 1.0, 1.0, 1.0, 1.0, 0.9999, 0.9998, 0.9996, 0.9994, 0.9993, 0.9991, 0.9991, 0.999, 0.999, 0.999, 0.999, 0.999, 0.999, 0.999, 0.999, 0.999, 0.999, 0.999, 0.999, 0.999, 0.999, 0.999, 0.999, 0.999, 0.999, 0.999, 0.999, 0.999, 0.999, 0.999, 0.999, 0.999, 0.999, 0.999, 0.999, 0.999, 0.999, 0.999, 0.999, 0.999, 0.999, 0.999, 0.999, 0.999, 0.999, 0.999, 0.999, 0.999, 0.999, 0.999, 0.999, 0.999, 0.999, 0.999, 0.999, 0.999, 0.999, 0.999, 0.999, 0.9989, 0.9989, 0.9989, 0.999, 0.9991, 0.9992, 0.9991, 0.9987, 0.998, 0.9969, 0.9952, 0.9929, 0.9899, 0.9861, 0.9815, 0.9763, 0.9709, 0.9656, 0.961, 0.9574, 0.955]",1.0102739726027397,0.1326077390998975,0.1326077390998975
21,0.23,85.8,4.329,2.306,8000.0,4270.0,3.305744,detached,N,https//iopscience.iop.org/article/10.1088/0004-6256/150/4/131/pdf,Y Cam,V,"[0.2483, 0.2451, 0.2465, 0.2537, 0.267, 0.2854, 0.3086, 0.3356, 0.3658, 0.3988, 0.4339, 0.4708, 0.5089, 0.548, 0.5872, 0.6254, 0.6616, 0.6945, 0.7229, 0.7461, 0.7655, 0.7828, 0.7998, 0.8183, 0.8399, 0.8636, 0.8876, 0.9099, 0.9287, 0.9422, 0.9504, 0.9549, 0.9569, 0.9582, 0.96, 0.963, 0.9667, 0.9706, 0.9739, 0.9762, 0.9771, 0.977, 0.9763, 0.9754, 0.9747, 0.9745, 0.9749, 0.9756, 0.9764, 0.9773, 0.9781, 0.9787, 0.9792, 0.9796, 0.98, 0.9804, 0.9809, 0.9813, 0.9818, 0.9822, 0.9827, 0.9832, 0.9836, 0.9841, 0.9845, 0.985, 0.9855, 0.986, 0.9865, 0.9869, 0.9874, 0.9878, 0.9882, 0.9885, 0.9888, 0.9891, 0.9893, 0.9895, 0.9897, 0.9898, 0.99, 0.9902, 0.9904, 0.9906, 0.9909, 0.9911, 0.9914, 0.9917, 0.992, 0.9923, 0.9926, 0.9928, 0.9931, 0.9933, 0.9935, 0.9937, 0.9939, 0.9941, 0.9943, 0.9945, 0.9947, 0.9948, 0.9949, 0.995, 0.995, 0.995, 0.9951, 0.9951, 0.9952, 0.9952, 0.9953, 0.9952, 0.995, 0.9947, 0.9943, 0.9938, 0.9933, 0.9927, 0.9921, 0.9915, 0.991, 0.9907, 0.9905, 0.9906, 0.9909, 0.9913, 0.9918, 0.9923, 0.9928, 0.9933, 0.9937, 0.9939, 0.994, 0.994, 0.9938, 0.9935, 0.9932, 0.9928, 0.9924, 0.9921, 0.9919, 0.9916, 0.9915, 0.9914, 0.9914, 0.9914, 0.9914, 0.9914, 0.9914, 0.9914, 0.9912, 0.991, 0.9907, 0.9902, 0.9896, 0.9889, 0.988, 0.9871, 0.9862, 0.9853, 0.9845, 0.9836, 0.9827, 0.9819, 0.9811, 0.9802, 0.9793, 0.9784, 0.9774, 0.9764, 0.9753, 0.9742, 0.9731, 0.972, 0.971, 0.97, 0.9689, 0.9679, 0.9667, 0.9653, 0.9636, 0.9617, 0.9595, 0.9571, 0.9544, 0.9516, 0.9485, 0.9454, 0.9424, 0.9397, 0.9372, 0.9352, 0.9334, 0.9317, 0.93, 0.9281, 0.9262, 0.9242, 0.9225, 0.9212, 0.9205, 0.9207, 0.9214, 0.9227, 0.9242, 0.9258, 0.9272, 0.9287, 0.9301, 0.9316, 0.9333, 0.9353, 0.9376, 0.9401, 0.9427, 0.9453, 0.948, 0.9506, 0.9532, 0.9557, 0.9582, 0.9607, 0.9631, 0.9656, 0.968, 0.9705, 0.9731, 0.9758, 0.9784, 0.9809, 0.9832, 0.985, 0.9865, 0.9875, 0.9882, 0.9888, 0.9893, 0.9898, 0.9904, 0.9911, 0.9917, 0.9921, 0.9924, 0.9926, 0.9926, 0.9925, 0.9924, 0.9923, 0.9923, 0.9923, 0.9924, 0.9924, 0.9925, 0.9926, 0.9927, 0.9928, 0.9929, 0.993, 0.9931, 0.9932, 0.9932, 0.9933, 0.9933, 0.9932, 0.9932, 0.9931, 0.9931, 0.9932, 0.9933, 0.9936, 0.994, 0.9945, 0.9951, 0.9959, 0.9967, 0.9976, 0.9984, 0.9992, 0.9997, 1.0, 1.0, 0.9999, 0.9996, 0.9993, 0.9989, 0.9985, 0.9981, 0.9977, 0.9974, 0.9972, 0.9971, 0.997, 0.9969, 0.9969, 0.9969, 0.9969, 0.9969, 0.9969, 0.9969, 0.9968, 0.9968, 0.9967, 0.9966, 0.9965, 0.9964, 0.9964, 0.9963, 0.9962, 0.9961, 0.9959, 0.9956, 0.9952, 0.9947, 0.9942, 0.9936, 0.9931, 0.9926, 0.9922, 0.9918, 0.9915, 0.9914, 0.9913, 0.9913, 0.9913, 0.9914, 0.9914, 0.9914, 0.9913, 0.9912, 0.991, 0.9907, 0.9903, 0.9899, 0.9895, 0.989, 0.9884, 0.9879, 0.9874, 0.9868, 0.9862, 0.9856, 0.985, 0.9843, 0.9835, 0.9828, 0.9819, 0.9811, 0.9802, 0.9794, 0.9787, 0.9781, 0.9778, 0.9777, 0.9775, 0.9771, 0.9762, 0.9746, 0.9721, 0.9692, 0.9663, 0.964, 0.9627, 0.9629, 0.9639, 0.9646, 0.9639, 0.9608, 0.954, 0.9437, 0.9304, 0.9148, 0.8977, 0.8797, 0.8611, 0.8414, 0.8205, 0.7977, 0.7729, 0.7458, 0.7172, 0.6879, 0.6584, 0.6296, 0.6019, 0.5748, 0.5475, 0.519, 0.4886, 0.4556, 0.4213, 0.3875, 0.3562, 0.3293, 0.3087, 0.2942, 0.2844, 0.2776, 0.2724, 0.267, 0.2612]",1.873536299765808,0.24536433904063526,0.2604618579812587
22,0.97,87.7,4.27,4.23,8000.0,7994.0,0.716007,detached,N,https://www.sciencedirect.com/science/article/pii/S1384107610001405?via%3Dihub,WYHya,V,"[0.4113, 0.4087, 0.4076, 0.4083, 0.4108, 0.415, 0.4209, 0.4282, 0.4368, 0.4466, 0.4575, 0.4696, 0.4827, 0.4969, 0.5119, 0.5275, 0.5431, 0.5584, 0.573, 0.5867, 0.5997, 0.6127, 0.6261, 0.6404, 0.656, 0.6727, 0.6897, 0.7063, 0.722, 0.7359, 0.7481, 0.759, 0.7689, 0.7782, 0.7874, 0.7966, 0.8056, 0.8142, 0.8224, 0.8299, 0.8366, 0.8427, 0.8482, 0.8533, 0.858, 0.8625, 0.8667, 0.8706, 0.8741, 0.8773, 0.8801, 0.8826, 0.8848, 0.8868, 0.8888, 0.8908, 0.8928, 0.8948, 0.8969, 0.8989, 0.9008, 0.9027, 0.9046, 0.9063, 0.9079, 0.9094, 0.9108, 0.9121, 0.9134, 0.9147, 0.9161, 0.9177, 0.9193, 0.921, 0.9228, 0.9245, 0.9261, 0.9277, 0.9293, 0.9308, 0.9323, 0.9338, 0.9353, 0.9367, 0.938, 0.9391, 0.9401, 0.9408, 0.9414, 0.9421, 0.9429, 0.9439, 0.9451, 0.9466, 0.9482, 0.9498, 0.9514, 0.9529, 0.9542, 0.9554, 0.9563, 0.9568, 0.9571, 0.9571, 0.957, 0.957, 0.9572, 0.9577, 0.9585, 0.9596, 0.9607, 0.9617, 0.9625, 0.9631, 0.9635, 0.9638, 0.9641, 0.9645, 0.9649, 0.9653, 0.9656, 0.9656, 0.9653, 0.9646, 0.9636, 0.9625, 0.9616, 0.961, 0.961, 0.9613, 0.9619, 0.9624, 0.9626, 0.9624, 0.9618, 0.9608, 0.9597, 0.9586, 0.9577, 0.9571, 0.9567, 0.9565, 0.9565, 0.9565, 0.9566, 0.9568, 0.957, 0.9573, 0.9576, 0.9579, 0.9582, 0.9585, 0.9587, 0.9588, 0.9588, 0.9586, 0.958, 0.9572, 0.9558, 0.9539, 0.9516, 0.949, 0.9463, 0.9438, 0.9415, 0.9397, 0.9381, 0.9366, 0.9351, 0.9335, 0.9316, 0.9295, 0.9273, 0.9252, 0.9231, 0.9212, 0.9195, 0.9179, 0.9164, 0.915, 0.9136, 0.9123, 0.9111, 0.9099, 0.9087, 0.9075, 0.9064, 0.9054, 0.9044, 0.9035, 0.9028, 0.9022, 0.9018, 0.9015, 0.9013, 0.9012, 0.9012, 0.9012, 0.9013, 0.9013, 0.9014, 0.9013, 0.9013, 0.9012, 0.9013, 0.9015, 0.9019, 0.9024, 0.9031, 0.9039, 0.9048, 0.9058, 0.9069, 0.908, 0.9091, 0.9103, 0.9116, 0.9129, 0.9143, 0.9159, 0.9177, 0.9197, 0.922, 0.9245, 0.927, 0.9295, 0.9318, 0.9339, 0.9359, 0.9377, 0.9396, 0.9415, 0.9435, 0.9456, 0.9477, 0.9498, 0.9518, 0.9537, 0.9554, 0.957, 0.9583, 0.9595, 0.9605, 0.9613, 0.9621, 0.9628, 0.9635, 0.9643, 0.9652, 0.9662, 0.9673, 0.9685, 0.9697, 0.9711, 0.9725, 0.9738, 0.9749, 0.9757, 0.9763, 0.9766, 0.9769, 0.9774, 0.978, 0.9792, 0.9807, 0.9826, 0.9847, 0.9869, 0.9891, 0.9911, 0.9929, 0.9945, 0.9957, 0.9965, 0.9968, 0.9969, 0.9969, 0.9969, 0.9971, 0.9976, 0.9982, 0.999, 0.9996, 1.0, 1.0, 0.9997, 0.9992, 0.9987, 0.9983, 0.9982, 0.9984, 0.9987, 0.999, 0.9993, 0.9994, 0.9993, 0.999, 0.9985, 0.9977, 0.9967, 0.9955, 0.9941, 0.9927, 0.9914, 0.9901, 0.989, 0.9881, 0.9871, 0.9862, 0.9853, 0.9842, 0.983, 0.9818, 0.9808, 0.9799, 0.9793, 0.9789, 0.9786, 0.9781, 0.9775, 0.9764, 0.975, 0.9732, 0.9711, 0.9689, 0.9666, 0.9643, 0.9621, 0.9599, 0.9578, 0.9557, 0.9537, 0.9518, 0.95, 0.9482, 0.9465, 0.9449, 0.9434, 0.9419, 0.9404, 0.939, 0.9375, 0.9361, 0.9346, 0.933, 0.9313, 0.9295, 0.9275, 0.9253, 0.9229, 0.9202, 0.9171, 0.9138, 0.91, 0.9059, 0.9014, 0.8965, 0.8911, 0.8852, 0.8784, 0.8707, 0.8619, 0.8518, 0.8408, 0.8294, 0.8182, 0.8077, 0.7983, 0.7899, 0.7815, 0.7722, 0.7611, 0.7474, 0.7309, 0.7129, 0.6944, 0.6765, 0.6605, 0.6469, 0.6349, 0.6235, 0.6117, 0.5987, 0.5836, 0.567, 0.5497, 0.5324, 0.5158, 0.5008, 0.4873, 0.4754, 0.4649, 0.4557, 0.4478, 0.4409, 0.4349, 0.4295, 0.4246, 0.42, 0.4157]",1.0007505629221916,0.3093326906912768,0.3081412019512733
23,0.97,87.7,4.27,4.23,8000.0,7994.0,0.716007,detached,N,https://www.sciencedirect.com/science/article/pii/S1384107610001405?via%3Dihub,WYHya,R,"[0.4303, 0.4292, 0.4284, 0.4278, 0.4279, 0.4291, 0.4322, 0.4377, 0.4462, 0.4577, 0.4714, 0.4867, 0.5025, 0.5182, 0.5333, 0.5478, 0.562, 0.5761, 0.5903, 0.6047, 0.6192, 0.6337, 0.6479, 0.6617, 0.6748, 0.6873, 0.6995, 0.7114, 0.7232, 0.7352, 0.7472, 0.7591, 0.7708, 0.782, 0.7926, 0.8026, 0.812, 0.8209, 0.8294, 0.8377, 0.8458, 0.8536, 0.8609, 0.8678, 0.874, 0.8796, 0.8845, 0.8888, 0.8927, 0.8961, 0.8991, 0.9019, 0.9043, 0.9066, 0.9086, 0.9105, 0.9122, 0.9139, 0.9154, 0.9169, 0.9184, 0.9198, 0.9212, 0.9226, 0.924, 0.9254, 0.9268, 0.9282, 0.9296, 0.9309, 0.9323, 0.9336, 0.9349, 0.9361, 0.9374, 0.9387, 0.94, 0.9413, 0.9426, 0.9439, 0.9452, 0.9464, 0.9476, 0.9488, 0.95, 0.9511, 0.9522, 0.9533, 0.9543, 0.9553, 0.9563, 0.9573, 0.9583, 0.9593, 0.9602, 0.9611, 0.9619, 0.9627, 0.9635, 0.9642, 0.9648, 0.9655, 0.966, 0.9666, 0.9671, 0.9676, 0.9681, 0.9686, 0.969, 0.9694, 0.9698, 0.9702, 0.9705, 0.9709, 0.9712, 0.9714, 0.9717, 0.9719, 0.972, 0.9722, 0.9723, 0.9724, 0.9726, 0.9728, 0.973, 0.9732, 0.9733, 0.9734, 0.9733, 0.9731, 0.9728, 0.9725, 0.9723, 0.9721, 0.9719, 0.9719, 0.9718, 0.9717, 0.9717, 0.9716, 0.9714, 0.9712, 0.971, 0.9708, 0.9706, 0.9703, 0.9701, 0.9698, 0.9696, 0.9694, 0.9692, 0.9689, 0.9686, 0.9681, 0.9674, 0.9666, 0.9657, 0.9647, 0.9636, 0.9626, 0.9615, 0.9604, 0.9592, 0.9579, 0.9565, 0.955, 0.9533, 0.9514, 0.9493, 0.947, 0.9445, 0.9417, 0.9388, 0.9357, 0.9326, 0.9294, 0.9262, 0.923, 0.9199, 0.9169, 0.9141, 0.9115, 0.909, 0.9068, 0.9048, 0.903, 0.9014, 0.9001, 0.8989, 0.8978, 0.8968, 0.8959, 0.8951, 0.8944, 0.8938, 0.8934, 0.8931, 0.8929, 0.8928, 0.8927, 0.8928, 0.8928, 0.8929, 0.893, 0.8932, 0.8934, 0.8937, 0.894, 0.8945, 0.895, 0.8957, 0.8965, 0.8975, 0.8987, 0.9, 0.9014, 0.903, 0.9047, 0.9065, 0.9084, 0.9105, 0.9128, 0.9152, 0.9177, 0.9204, 0.9232, 0.9261, 0.9292, 0.9322, 0.9354, 0.9385, 0.9417, 0.9448, 0.9478, 0.9508, 0.9537, 0.9565, 0.9592, 0.9618, 0.9643, 0.9666, 0.9687, 0.9707, 0.9724, 0.974, 0.9754, 0.9767, 0.9779, 0.9791, 0.9801, 0.9811, 0.982, 0.9829, 0.9837, 0.9844, 0.9851, 0.9857, 0.9864, 0.987, 0.9876, 0.9882, 0.9888, 0.9894, 0.99, 0.9906, 0.9912, 0.9918, 0.9924, 0.9931, 0.9937, 0.9943, 0.9948, 0.9952, 0.9955, 0.9957, 0.9958, 0.9959, 0.9961, 0.9964, 0.9969, 0.9976, 0.9983, 0.999, 0.9995, 0.9998, 1.0, 1.0, 0.9999, 0.9999, 0.9998, 0.9998, 0.9999, 0.9999, 0.9999, 0.9998, 0.9996, 0.9994, 0.9991, 0.9987, 0.9983, 0.9978, 0.9973, 0.9968, 0.9962, 0.9956, 0.995, 0.9944, 0.9937, 0.9931, 0.9923, 0.9916, 0.9908, 0.99, 0.9892, 0.9884, 0.9877, 0.9869, 0.9861, 0.9851, 0.9841, 0.9829, 0.9815, 0.98, 0.9785, 0.9769, 0.9753, 0.9737, 0.9722, 0.9708, 0.9693, 0.9678, 0.9664, 0.9649, 0.9634, 0.9619, 0.9604, 0.959, 0.9575, 0.9561, 0.9546, 0.9531, 0.9516, 0.9501, 0.9484, 0.9467, 0.9449, 0.943, 0.9409, 0.9386, 0.9361, 0.9333, 0.9303, 0.9269, 0.9231, 0.9189, 0.9143, 0.9091, 0.9034, 0.8972, 0.8904, 0.883, 0.8752, 0.8668, 0.858, 0.8487, 0.839, 0.8289, 0.8185, 0.8078, 0.7965, 0.7847, 0.7722, 0.7589, 0.7449, 0.7306, 0.7164, 0.7027, 0.6899, 0.6781, 0.6668, 0.6556, 0.6439, 0.6313, 0.6173, 0.602, 0.5856, 0.5682, 0.5501, 0.5315, 0.513, 0.4952, 0.479, 0.4651, 0.4542, 0.4463, 0.4408, 0.4371, 0.4347, 0.433, 0.4316]",1.0007505629221916,0.3093326906912768,0.3081412019512733
24,0.97,87.7,4.27,4.23,8000.0,7994.0,0.716007,detached,N,https://www.sciencedirect.com/science/article/pii/S1384107610001405?via%3Dihub,WYHya,B,"[0.3927, 0.3923, 0.3926, 0.3936, 0.3954, 0.3983, 0.4027, 0.4088, 0.4171, 0.4276, 0.4398, 0.4534, 0.468, 0.4831, 0.4985, 0.5141, 0.5298, 0.5456, 0.5614, 0.5771, 0.5928, 0.6083, 0.6237, 0.6388, 0.6537, 0.6684, 0.6828, 0.697, 0.711, 0.7248, 0.7383, 0.7515, 0.7643, 0.7765, 0.7881, 0.7989, 0.8091, 0.8186, 0.8274, 0.8356, 0.843, 0.85, 0.8564, 0.8625, 0.8683, 0.8739, 0.8792, 0.8841, 0.8887, 0.8927, 0.8961, 0.899, 0.9015, 0.9035, 0.9053, 0.9069, 0.9084, 0.9097, 0.911, 0.9123, 0.9136, 0.9149, 0.9163, 0.9177, 0.9191, 0.9206, 0.9222, 0.9237, 0.9252, 0.9267, 0.928, 0.9292, 0.9303, 0.9314, 0.9325, 0.9337, 0.9351, 0.9365, 0.938, 0.9394, 0.9408, 0.942, 0.9431, 0.9441, 0.945, 0.946, 0.947, 0.9482, 0.9494, 0.9506, 0.9517, 0.9528, 0.9538, 0.9548, 0.9556, 0.9565, 0.9573, 0.9582, 0.959, 0.9598, 0.9606, 0.9612, 0.9617, 0.9621, 0.9625, 0.9628, 0.9631, 0.9635, 0.964, 0.9645, 0.9649, 0.9653, 0.9656, 0.9657, 0.9658, 0.9658, 0.9658, 0.9659, 0.9662, 0.9664, 0.9667, 0.967, 0.9673, 0.9674, 0.9675, 0.9676, 0.9677, 0.9678, 0.968, 0.9682, 0.9685, 0.9688, 0.969, 0.9691, 0.9691, 0.9691, 0.969, 0.9689, 0.9687, 0.9685, 0.9683, 0.9682, 0.968, 0.9678, 0.9676, 0.9674, 0.9672, 0.9671, 0.9669, 0.9668, 0.9666, 0.9665, 0.9663, 0.9661, 0.9658, 0.9654, 0.965, 0.9646, 0.9641, 0.9635, 0.9629, 0.9622, 0.9615, 0.9608, 0.96, 0.9592, 0.9583, 0.9573, 0.9561, 0.9546, 0.9528, 0.9507, 0.9484, 0.946, 0.9434, 0.9408, 0.9381, 0.9355, 0.9329, 0.9306, 0.9284, 0.9265, 0.9248, 0.9233, 0.9221, 0.921, 0.9201, 0.9194, 0.9188, 0.9182, 0.9177, 0.9173, 0.9168, 0.9165, 0.9161, 0.9159, 0.9157, 0.9155, 0.9154, 0.9153, 0.9153, 0.9152, 0.9151, 0.9151, 0.9151, 0.9152, 0.9155, 0.9158, 0.9163, 0.9168, 0.9174, 0.918, 0.9186, 0.9193, 0.92, 0.9207, 0.9215, 0.9223, 0.9232, 0.9241, 0.9251, 0.9262, 0.9274, 0.9287, 0.9302, 0.9319, 0.9337, 0.9358, 0.9381, 0.9404, 0.9429, 0.9454, 0.9478, 0.9502, 0.9525, 0.9547, 0.9567, 0.9587, 0.9605, 0.9622, 0.9637, 0.9652, 0.9666, 0.9679, 0.9691, 0.9703, 0.9714, 0.9724, 0.9734, 0.9743, 0.9751, 0.976, 0.9768, 0.9776, 0.9783, 0.979, 0.9797, 0.9803, 0.9809, 0.9815, 0.982, 0.9826, 0.9832, 0.9838, 0.9845, 0.9852, 0.9859, 0.9866, 0.9873, 0.988, 0.9887, 0.9894, 0.9901, 0.9909, 0.9917, 0.9925, 0.9933, 0.9939, 0.9944, 0.9948, 0.995, 0.9951, 0.9952, 0.9954, 0.9958, 0.9963, 0.9968, 0.9974, 0.998, 0.9985, 0.9989, 0.9993, 0.9996, 0.9998, 0.9999, 1.0, 1.0, 0.9999, 0.9998, 0.9995, 0.9992, 0.9988, 0.9984, 0.9979, 0.9974, 0.9969, 0.9964, 0.9958, 0.9953, 0.9948, 0.9942, 0.9937, 0.9931, 0.9924, 0.9917, 0.9909, 0.99, 0.989, 0.988, 0.987, 0.9859, 0.9848, 0.9837, 0.9825, 0.9813, 0.9801, 0.9787, 0.9773, 0.9759, 0.9744, 0.9729, 0.9714, 0.9699, 0.9684, 0.9669, 0.9654, 0.9639, 0.9623, 0.9608, 0.9593, 0.9577, 0.9562, 0.9546, 0.953, 0.9513, 0.9494, 0.9474, 0.9452, 0.9427, 0.9399, 0.9369, 0.9336, 0.93, 0.926, 0.9216, 0.9168, 0.9114, 0.9056, 0.8992, 0.8923, 0.8851, 0.8774, 0.8693, 0.8609, 0.8518, 0.842, 0.8313, 0.8197, 0.8072, 0.7941, 0.7807, 0.7672, 0.754, 0.741, 0.7281, 0.715, 0.7013, 0.6869, 0.6715, 0.6554, 0.6387, 0.6216, 0.6043, 0.5869, 0.5696, 0.5524, 0.5353, 0.5184, 0.5016, 0.4853, 0.4698, 0.4553, 0.4421, 0.4305, 0.4207, 0.4124, 0.4058, 0.4006, 0.3969, 0.3944]",1.0007505629221916,0.3093326906912768,0.3081412019512733
